SCIA, Região Integrada de Desenvolvimento do Distrito Federal e Entorno, DF, Região Centro-Oeste, Brasil
Praia da Gambôa, Avenida de Cuba, Bela Vista, Chã d'Areia, Praia, 7600, Cabo Verde
Grand Hotel, Place de la Liberté, Oulofobougou, Dar Salam, Bamako, Bamako - Koulikoro, 277, Mali
Merkato Market, _____ __, ___ ___ / Addis Ababa, Addis Abeba, 182609, _._._._.
Avenue Mokhtar Gazoulit ____ _______ ______, Océan ______ ______, Hassan ____, Rabat ____ ______, pachalik de Rabat, Préfecture de Rabat _____ ______, Rabat-Salé-Kénitra _____-___-______ ______-___-________, 10115, Maroc ______ ______
Grand Hotel, Place de la Liberté, Oulofobougou, Dar Salam, Bamako, Bamako - Koulikoro, 277, Mali
Grand Hotel, Place de la Liberté, Oulofobougou, Dar Salam, Bamako, Bamako - Koulikoro, 277, Mali
Pointe de Dakar, Dakar, 99900, Sénégal
Oilmills Road, Whittlesey, Fenland, Cambridgeshire, East of England, England, PE26 2TS, UK
34, Serquyosh ko'chasi, _________, Chilonzor Tumani, Toshkent, 100000, O_zbekiston
34, Serquyosh ko'chasi, _________, Chilonzor Tumani, Toshkent, 100000, O_zbekiston
Rione III Colonna, Via del Parlamento, Municipio Roma I, Roma, RM, LAZ, 00186, Italia
Safdarjung, New Delhi, Delhi, 110 021, India
Chatha Bakhtawar Road, Chak Shehzad, _____ __________ _____ ____, 45550, _________
17, Zaras_ g., Senamies_io seni_nija, Vilnius, Vilniaus miesto savivaldyb_, Vilniaus apskritis, 01205, Lietuva
14, Strada General Gheorghe Lupu, Bucure_ti, Sector 4, Municipiul Bucure_ti, 040585, România
14, Strada General Gheorghe Lupu, Bucure_ti, Sector 4, Municipiul Bucure_ti, 040585, România
Oilmills Road, Whittlesey, Fenland, Cambridgeshire, East of England, England, PE26 2TS, UK
14, Strada General Gheorghe Lupu, Bucure_ti, Sector 4, Municipiul Bucure_ti, 040585, România
14, Strada General Gheorghe Lupu, Bucure_ti, Sector 4, Municipiul Bucure_ti, 040585, România
14, Strada General Gheorghe Lupu, Bucure_ti, Sector 4, Municipiul Bucure_ti, 040585, România
14, Strada General Gheorghe Lupu, Bucure_ti, Sector 4, Municipiul Bucure_ti, 040585, România
14, Strada General Gheorghe Lupu, Bucure_ti, Sector 4, Municipiul Bucure_ti, 040585, România
14, Strada General Gheorghe Lupu, Bucure_ti, Sector 4, Municipiul Bucure_ti, 040585, România
14, Strada General Gheorghe Lupu, Bucure_ti, Sector 4, Municipiul Bucure_ti, 040585, România
14, Strada General Gheorghe Lupu, Bucure_ti, Sector 4, Municipiul Bucure_ti, 040585, România
Aéroport International Houari Boumediene, Route de Aéroport International Houari Boumediene, Dar El Beïda, Alger - _______, 123, _______ _______
Aéroport International Houari Boumediene, Route de Aéroport International Houari Boumediene, Dar El Beïda, Alger - _______, 123, _______ _______
Merkato Market, _____ __, ___ ___ / Addis Ababa, Addis Abeba, 182609, _._._._.
Türkoca_ı Cad., Devlet Mahallesi, Ankara, Çankaya, Ankara, _ç Anadolu Bölgesi, 06560, Türkiye
Türkoca_ı Cad., Devlet Mahallesi, Ankara, Çankaya, Ankara, _ç Anadolu Bölgesi, 06560, Türkiye
Türkoca_ı Cad., Devlet Mahallesi, Ankara, Çankaya, Ankara, _ç Anadolu Bölgesi, 06560, Türkiye
Türkoca_ı Cad., Devlet Mahallesi, Ankara, Çankaya, Ankara, _ç Anadolu Bölgesi, 06560, Türkiye
Türkoca_ı Cad., Devlet Mahallesi, Ankara, Çankaya, Ankara, _ç Anadolu Bölgesi, 06560, Türkiye
_________-________ ____, _________, ____________, __________ ________________, 15011, ______
_________-________ ____, _________, ____________, __________ ________________, 15011, ______
_________-________ ____, _________, ____________, __________ ________________, 15011, ______
__________, _______, _____________, _____________, _____________, 10700, _________
__________, _______, _____________, _____________, _____________, 10700, _________
__________, _______, _____________, _____________, _____________, 10700, _________
__________, _______, _____________, _____________, _____________, 10700, _________
__________, _______, _____________, _____________, _____________, 10700, _________
__, ____, __, ___, 100032, __
__, ____, __, ___, 100032, __
__, ____, __, ___, 100032, __
___, ___, __
___, ___, __
___, ___, __
___, ___, __
RW 08, Gambir, Petojo Selatan, Gambir, Daerah Khusus Ibukota Jakarta, 10130, Indonesia
RW 08, Gambir, Petojo Selatan, Gambir, Daerah Khusus Ibukota Jakarta, 10130, Indonesia
RW 08, Gambir, Petojo Selatan, Gambir, Daerah Khusus Ibukota Jakarta, 10130, Indonesia
RW 08, Gambir, Petojo Selatan, Gambir, Daerah Khusus Ibukota Jakarta, 10130, Indonesia
Metcalfe Street, Denham Town, Kingston, Surrey County, KINGSTON 14, Jamaica
Metcalfe Street, Denham Town, Kingston, Surrey County, KINGSTON 14, Jamaica
Metcalfe Street, Denham Town, Kingston, Surrey County, KINGSTON 14, Jamaica
Chatha Bakhtawar Road, Chak Shehzad, _____ __________ _____ ____, 45550, _________
Avenue Mokhtar Gazoulit ____ _______ ______, Océan ______ ______, Hassan ____, Rabat ____ ______, pachalik de Rabat, Préfecture de Rabat _____ ______, Rabat-Salé-Kénitra _____-___-______ ______-___-________, 10115, Maroc ______ ______
Avenue Mokhtar Gazoulit ____ _______ ______, Océan ______ ______, Hassan ____, Rabat ____ ______, pachalik de Rabat, Préfecture de Rabat _____ ______, Rabat-Salé-Kénitra _____-___-______ ______-___-________, 10115, Maroc ______ ______
____, _____, _____ __ ___ _____, _____, _______ _____, _____ _____, 11148-35535, _______
Chatha Bakhtawar Road, Chak Shehzad, _____ __________ _____ ____, 45550, _________
Türkoca_ı Cad., Devlet Mahallesi, Ankara, Çankaya, Ankara, _ç Anadolu Bölgesi, 06560, Türkiye
____ ______ _________ - _____ _____, ____ ____, ___ ________, ______, ______ _______, 11551, ___
Aéroport International Houari Boumediene, Route de Aéroport International Houari Boumediene, Dar El Beïda, Alger - _______, 123, _______ _______
Pointe de Dakar, Dakar, 99900, Sénégal
Pointe de Dakar, Dakar, 99900, Sénégal
Safdarjung, New Delhi, Delhi, 110 021, India
115, _________ _____, ______, 720052, __________
115, _________ _____, ______, 720052, __________
115, _________ _____, ______, 720052, __________
115, _________ _____, ______, 720052, __________
Kates apartments, School Lane, Westlands, Nairobi, P.O. BOX 1835 00900, Kenya
Kates apartments, School Lane, Westlands, Nairobi, P.O. BOX 1835 00900, Kenya
____, _____, _____ __ ___ _____, _____, _______ _____, _____ _____, 11148-35535, _______
____, _____, _____ __ ___ _____, _____, _______ _____, _____ _____, 11148-35535, _______
Rione III Colonna, Via del Parlamento, Municipio Roma I, Roma, RM, LAZ, 00186, Italia
Guatemala Street, Belmopan, Cayo District, Cayo, BZ1000, Belize
Rione III Colonna, Via del Parlamento, Municipio Roma I, Roma, RM, LAZ, 00186, Italia
Safdarjung, New Delhi, Delhi, 110 021, India
Safdarjung, New Delhi, Delhi, 110 021, India
Grand Hotel, Place de la Liberté, Oulofobougou, Dar Salam, Bamako, Bamako - Koulikoro, 277, Mali
115, _________ _____, ______, 720052, __________
Kates apartments, School Lane, Westlands, Nairobi, P.O. BOX 1835 00900, Kenya
Rione III Colonna, Via del Parlamento, Municipio Roma I, Roma, RM, LAZ, 00186, Italia
________ ____________ ___________, __________, __π____, _____, _____ ________, _._. _________ _____ ______, __________ _______, ______, 10443, ______
________ ____________ ___________, __________, __π____, _____, _____ ________, _._. _________ _____ ______, __________ _______, ______, 10443, ______
________ ____________ ___________, __________, __π____, _____, _____ ________, _._. _________ _____ ______, __________ _______, ______, 10443, ______
________ ____________ ___________, __________, __π____, _____, _____ ________, _._. _________ _____ ______, __________ _______, ______, 10443, ______
________ ____________ ___________, __________, __π____, _____, _____ ________, _._. _________ _____ ______, __________ _______, ______, 10443, ______
SCIA, Região Integrada de Desenvolvimento do Distrito Federal e Entorno, DF, Região Centro-Oeste, Brasil
SCIA, Região Integrada de Desenvolvimento do Distrito Federal e Entorno, DF, Região Centro-Oeste, Brasil
SCIA, Região Integrada de Desenvolvimento do Distrito Federal e Entorno, DF, Região Centro-Oeste, Brasil
Praia da Gambôa, Avenida de Cuba, Bela Vista, Chã d'Areia, Praia, 7600, Cabo Verde
Praia da Gambôa, Avenida de Cuba, Bela Vista, Chã d'Areia, Praia, 7600, Cabo Verde
34, Serquyosh ko'chasi, _________, Chilonzor Tumani, Toshkent, 100000, O_zbekiston
34, Serquyosh ko'chasi, _________, Chilonzor Tumani, Toshkent, 100000, O_zbekiston
34, Serquyosh ko'chasi, _________, Chilonzor Tumani, Toshkent, 100000, O_zbekiston
Alexandrina Drive, Yarralumla, Canberra, Canberra Central, Australian Capital Territory, 2600, Australia
Alexandrina Drive, Yarralumla, Canberra, Canberra Central, Australian Capital Territory, 2600, Australia
Alexandrina Drive, Yarralumla, Canberra, Canberra Central, Australian Capital Territory, 2600, Australia
Alexandrina Drive, Yarralumla, Canberra, Canberra Central, Australian Capital Territory, 2600, Australia
Alexandrina Drive, Yarralumla, Canberra, Canberra Central, Australian Capital Territory, 2600, Australia
Alexandrina Drive, Yarralumla, Canberra, Canberra Central, Australian Capital Territory, 2600, Australia
___, ___, ____, 169-0072, __
___, ___, ____, 169-0072, __
___, ___, ____, 169-0072, __
___, ___, ____, 169-0072, __
___, ___, ____, 169-0072, __
___, ___, ____, 169-0072, __
___, ___, ____, 169-0072, __
___, ___, ____, 169-0072, __
___, ___, ____, 169-0072, __
___, ___, ____, 169-0072, __
___, ___, ____, 169-0072, __
Guatemala Street, Belmopan, Cayo District, Cayo, BZ1000, Belize
Guatemala Street, Belmopan, Cayo District, Cayo, BZ1000, Belize
Uhindini, Dodoma, Central, 000255, Tanzania
Avenue Mokhtar Gazoulit ____ _______ ______, Océan ______ ______, Hassan ____, Rabat ____ ______, pachalik de Rabat, Préfecture de Rabat _____ ______, Rabat-Salé-Kénitra _____-___-______ ______-___-________, 10115, Maroc ______ ______
Oilmills Road, Whittlesey, Fenland, Cambridgeshire, East of England, England, PE26 2TS, UK
Oilmills Road, Whittlesey, Fenland, Cambridgeshire, East of England, England, PE26 2TS, UK
____________ ____, ______ ____, ____, _____ ________ ______, _______, 0172, __________
____________ ____, ______ ____, ____, _____ ________ ______, _______, 0172, __________
____________ ____, ______ ____, ____, _____ ________ ______, _______, 0172, __________
____________ ____, ______ ____, ____, _____ ________ ______, _______, 0172, __________
____________ ____, ______ ____, ____, _____ ________ ______, _______, 0172, __________
____________ ____, ______ ____, ____, _____ ________ ______, _______, 0172, __________
Uhindini, Dodoma, Central, 000255, Tanzania
_____ ___, ________, _____________________ _, ___________, ______________, 12308, ______________________
_____ ___, ________, _____________________ _, ___________, ______________, 12308, ______________________
_____ ___, ________, _____________________ _, ___________, ______________, 12308, ______________________
_____ ___, ________, _____________________ _, ___________, ______________, 12308, ______________________
_____ ___, ________, _____________________ _, ___________, ______________, 12308, ______________________
_____ ___, ________, _____________________ _, ___________, ______________, 12308, ______________________
SCIA, Região Integrada de Desenvolvimento do Distrito Federal e Entorno, DF, Região Centro-Oeste, Brasil
Praia da Gambôa, Avenida de Cuba, Bela Vista, Chã d'Areia, Praia, 7600, Cabo Verde
Safdarjung, New Delhi, Delhi, 110 021, India
Rione III Colonna, Via del Parlamento, Municipio Roma I, Roma, RM, LAZ, 00186, Italia
Grand Hotel, Place de la Liberté, Oulofobougou, Dar Salam, Bamako, Bamako - Koulikoro, 277, Mali
Grand Hotel, Place de la Liberté, Oulofobougou, Dar Salam, Bamako, Bamako - Koulikoro, 277, Mali
Grand Hotel, Place de la Liberté, Oulofobougou, Dar Salam, Bamako, Bamako - Koulikoro, 277, Mali
Chatha Bakhtawar Road, Chak Shehzad, _____ __________ _____ ____, 45550, _________
Chatha Bakhtawar Road, Chak Shehzad, _____ __________ _____ ____, 45550, _________
14, Strada General Gheorghe Lupu, Bucure_ti, Sector 4, Municipiul Bucure_ti, 040585, România
Pointe de Dakar, Dakar, 99900, Sénégal
__, ____, __, ___, 100032, __
Aéroport International Houari Boumediene, Route de Aéroport International Houari Boumediene, Dar El Beïda, Alger - _______, 123, _______ _______
Merkato Market, _____ __, ___ ___ / Addis Ababa, Addis Abeba, 182609, _._._._.
____ ______ _________ - _____ _____, ____ ____, ___ ________, ______, ______ _______, 11551, ___
Safdarjung, New Delhi, Delhi, 110 021, India
Safdarjung, New Delhi, Delhi, 110 021, India
Lapraka, Tiranë, Bashkia Tiranë, Qarku i Tiranës, Shqipëria qendrore, 1001-1028, Shqipëria
Lapraka, Tiranë, Bashkia Tiranë, Qarku i Tiranës, Shqipëria qendrore, 1001-1028, Shqipëria
____ ______ _________ - _____ _____, ____ ____, ___ ________, ______, ______ _______, 11551, ___
_________-________ ____, _________, ____________, __________ ________________, 15011, ______
17, Zaras_ g., Senamies_io seni_nija, Vilnius, Vilniaus miesto savivaldyb_, Vilniaus apskritis, 01205, Lietuva
17, Zaras_ g., Senamies_io seni_nija, Vilnius, Vilniaus miesto savivaldyb_, Vilniaus apskritis, 01205, Lietuva
SCIA, Região Integrada de Desenvolvimento do Distrito Federal e Entorno, DF, Região Centro-Oeste, Brasil
SCIA, Região Integrada de Desenvolvimento do Distrito Federal e Entorno, DF, Região Centro-Oeste, Brasil
SCIA, Região Integrada de Desenvolvimento do Distrito Federal e Entorno, DF, Região Centro-Oeste, Brasil
____ ______ _________ - _____ _____, ____ ____, ___ ________, ______, ______ _______, 11551, ___
____, _____, _____ __ ___ _____, _____, _______ _____, _____ _____, 11148-35535, _______
Pointe de Dakar, Dakar, 99900, Sénégal
34, Serquyosh ko'chasi, _________, Chilonzor Tumani, Toshkent, 100000, O_zbekiston
34, Serquyosh ko'chasi, _________, Chilonzor Tumani, Toshkent, 100000, O_zbekiston
34, Serquyosh ko'chasi, _________, Chilonzor Tumani, Toshkent, 100000, O_zbekiston
Grand Hotel, Place de la Liberté, Oulofobougou, Dar Salam, Bamako, Bamako - Koulikoro, 277, Mali
17, Zaras_ g., Senamies_io seni_nija, Vilnius, Vilniaus miesto savivaldyb_, Vilniaus apskritis, 01205, Lietuva
Oilmills Road, Whittlesey, Fenland, Cambridgeshire, East of England, England, PE26 2TS, UK
Oilmills Road, Whittlesey, Fenland, Cambridgeshire, East of England, England, PE26 2TS, UK
Aéroport International Houari Boumediene, Route de Aéroport International Houari Boumediene, Dar El Beïda, Alger - _______, 123, _______ _______
Aéroport International Houari Boumediene, Route de Aéroport International Houari Boumediene, Dar El Beïda, Alger - _______, 123, _______ _______
Aéroport International Houari Boumediene, Route de Aéroport International Houari Boumediene, Dar El Beïda, Alger - _______, 123, _______ _______
Merkato Market, _____ __, ___ ___ / Addis Ababa, Addis Abeba, 182609, _._._._.
Merkato Market, _____ __, ___ ___ / Addis Ababa, Addis Abeba, 182609, _._._._.
Merkato Market, _____ __, ___ ___ / Addis Ababa, Addis Abeba, 182609, _._._._.
Oilmills Road, Whittlesey, Fenland, Cambridgeshire, East of England, England, PE26 2TS, UK
Türkoca_ı Cad., Devlet Mahallesi, Ankara, Çankaya, Ankara, _ç Anadolu Bölgesi, 06560, Türkiye
Türkoca_ı Cad., Devlet Mahallesi, Ankara, Çankaya, Ankara, _ç Anadolu Bölgesi, 06560, Türkiye
Türkoca_ı Cad., Devlet Mahallesi, Ankara, Çankaya, Ankara, _ç Anadolu Bölgesi, 06560, Türkiye
Türkoca_ı Cad., Devlet Mahallesi, Ankara, Çankaya, Ankara, _ç Anadolu Bölgesi, 06560, Türkiye
Türkoca_ı Cad., Devlet Mahallesi, Ankara, Çankaya, Ankara, _ç Anadolu Bölgesi, 06560, Türkiye
_________-________ ____, _________, ____________, __________ ________________, 15011, ______
_________-________ ____, _________, ____________, __________ ________________, 15011, ______
_________-________ ____, _________, ____________, __________ ________________, 15011, ______
__________, _______, _____________, _____________, _____________, 10700, _________
__________, _______, _____________, _____________, _____________, 10700, _________
__________, _______, _____________, _____________, _____________, 10700, _________
__________, _______, _____________, _____________, _____________, 10700, _________
__________, _______, _____________, _____________, _____________, 10700, _________
__________, _______, _____________, _____________, _____________, 10700, _________
__, ____, __, ___, 100032, __
__, ____, __, ___, 100032, __
__, ____, __, ___, 100032, __
__, ____, __, ___, 100032, __
___, ___, __
___, ___, __
___, ___, __
___, ___, __
___, ___, __
RW 08, Gambir, Petojo Selatan, Gambir, Daerah Khusus Ibukota Jakarta, 10130, Indonesia
RW 08, Gambir, Petojo Selatan, Gambir, Daerah Khusus Ibukota Jakarta, 10130, Indonesia
RW 08, Gambir, Petojo Selatan, Gambir, Daerah Khusus Ibukota Jakarta, 10130, Indonesia
RW 08, Gambir, Petojo Selatan, Gambir, Daerah Khusus Ibukota Jakarta, 10130, Indonesia
RW 08, Gambir, Petojo Selatan, Gambir, Daerah Khusus Ibukota Jakarta, 10130, Indonesia
Metcalfe Street, Denham Town, Kingston, Surrey County, KINGSTON 14, Jamaica
Metcalfe Street, Denham Town, Kingston, Surrey County, KINGSTON 14, Jamaica
Metcalfe Street, Denham Town, Kingston, Surrey County, KINGSTON 14, Jamaica
Chatha Bakhtawar Road, Chak Shehzad, _____ __________ _____ ____, 45550, _________
Chatha Bakhtawar Road, Chak Shehzad, _____ __________ _____ ____, 45550, _________
Chatha Bakhtawar Road, Chak Shehzad, _____ __________ _____ ____, 45550, _________
Chatha Bakhtawar Road, Chak Shehzad, _____ __________ _____ ____, 45550, _________
Avenue Mokhtar Gazoulit ____ _______ ______, Océan ______ ______, Hassan ____, Rabat ____ ______, pachalik de Rabat, Préfecture de Rabat _____ ______, Rabat-Salé-Kénitra _____-___-______ ______-___-________, 10115, Maroc ______ ______
Avenue Mokhtar Gazoulit ____ _______ ______, Océan ______ ______, Hassan ____, Rabat ____ ______, pachalik de Rabat, Préfecture de Rabat _____ ______, Rabat-Salé-Kénitra _____-___-______ ______-___-________, 10115, Maroc ______ ______
Avenue Mokhtar Gazoulit ____ _______ ______, Océan ______ ______, Hassan ____, Rabat ____ ______, pachalik de Rabat, Préfecture de Rabat _____ ______, Rabat-Salé-Kénitra _____-___-______ ______-___-________, 10115, Maroc ______ ______
Pointe de Dakar, Dakar, 99900, Sénégal
Chatha Bakhtawar Road, Chak Shehzad, _____ __________ _____ ____, 45550, _________
Türkoca_ı Cad., Devlet Mahallesi, Ankara, Çankaya, Ankara, _ç Anadolu Bölgesi, 06560, Türkiye
Aéroport International Houari Boumediene, Route de Aéroport International Houari Boumediene, Dar El Beïda, Alger - _______, 123, _______ _______
Pointe de Dakar, Dakar, 99900, Sénégal
Safdarjung, New Delhi, Delhi, 110 021, India
Safdarjung, New Delhi, Delhi, 110 021, India
Safdarjung, New Delhi, Delhi, 110 021, India
Safdarjung, New Delhi, Delhi, 110 021, India
Safdarjung, New Delhi, Delhi, 110 021, India
Safdarjung, New Delhi, Delhi, 110 021, India
Grand Hotel, Place de la Liberté, Oulofobougou, Dar Salam, Bamako, Bamako - Koulikoro, 277, Mali
Grand Hotel, Place de la Liberté, Oulofobougou, Dar Salam, Bamako, Bamako - Koulikoro, 277, Mali
Grand Hotel, Place de la Liberté, Oulofobougou, Dar Salam, Bamako, Bamako - Koulikoro, 277, Mali
115, _________ _____, ______, 720052, __________
115, _________ _____, ______, 720052, __________
115, _________ _____, ______, 720052, __________
115, _________ _____, ______, 720052, __________
115, _________ _____, ______, 720052, __________
Kates apartments, School Lane, Westlands, Nairobi, P.O. BOX 1835 00900, Kenya
Kates apartments, School Lane, Westlands, Nairobi, P.O. BOX 1835 00900, Kenya
Kates apartments, School Lane, Westlands, Nairobi, P.O. BOX 1835 00900, Kenya
____, _____, _____ __ ___ _____, _____, _______ _____, _____ _____, 11148-35535, _______
____, _____, _____ __ ___ _____, _____, _______ _____, _____ _____, 11148-35535, _______
____, _____, _____ __ ___ _____, _____, _______ _____, _____ _____, 11148-35535, _______
Rione III Colonna, Via del Parlamento, Municipio Roma I, Roma, RM, LAZ, 00186, Italia
Rione III Colonna, Via del Parlamento, Municipio Roma I, Roma, RM, LAZ, 00186, Italia
Lapraka, Tiranë, Bashkia Tiranë, Qarku i Tiranës, Shqipëria qendrore, 1001-1028, Shqipëria
Lapraka, Tiranë, Bashkia Tiranë, Qarku i Tiranës, Shqipëria qendrore, 1001-1028, Shqipëria
Rione III Colonna, Via del Parlamento, Municipio Roma I, Roma, RM, LAZ, 00186, Italia
Rione III Colonna, Via del Parlamento, Municipio Roma I, Roma, RM, LAZ, 00186, Italia
Lapraka, Tiranë, Bashkia Tiranë, Qarku i Tiranës, Shqipëria qendrore, 1001-1028, Shqipëria
Rione III Colonna, Via del Parlamento, Municipio Roma I, Roma, RM, LAZ, 00186, Italia
Chatha Bakhtawar Road, Chak Shehzad, _____ __________ _____ ____, 45550, _________
Safdarjung, New Delhi, Delhi, 110 021, India
Safdarjung, New Delhi, Delhi, 110 021, India
Grand Hotel, Place de la Liberté, Oulofobougou, Dar Salam, Bamako, Bamako - Koulikoro, 277, Mali
Kates apartments, School Lane, Westlands, Nairobi, P.O. BOX 1835 00900, Kenya
Rione III Colonna, Via del Parlamento, Municipio Roma I, Roma, RM, LAZ, 00186, Italia
________ ____________ ___________, __________, __π____, _____, _____ ________, _._. _________ _____ ______, __________ _______, ______, 10443, ______
________ ____________ ___________, __________, __π____, _____, _____ ________, _._. _________ _____ ______, __________ _______, ______, 10443, ______
________ ____________ ___________, __________, __π____, _____, _____ ________, _._. _________ _____ ______, __________ _______, ______, 10443, ______
________ ____________ ___________, __________, __π____, _____, _____ ________, _._. _________ _____ ______, __________ _______, ______, 10443, ______
________ ____________ ___________, __________, __π____, _____, _____ ________, _._. _________ _____ ______, __________ _______, ______, 10443, ______
________ ____________ ___________, __________, __π____, _____, _____ ________, _._. _________ _____ ______, __________ _______, ______, 10443, ______
SCIA, Região Integrada de Desenvolvimento do Distrito Federal e Entorno, DF, Região Centro-Oeste, Brasil
SCIA, Região Integrada de Desenvolvimento do Distrito Federal e Entorno, DF, Região Centro-Oeste, Brasil
Praia da Gambôa, Avenida de Cuba, Bela Vista, Chã d'Areia, Praia, 7600, Cabo Verde
Praia da Gambôa, Avenida de Cuba, Bela Vista, Chã d'Areia, Praia, 7600, Cabo Verde
Praia da Gambôa, Avenida de Cuba, Bela Vista, Chã d'Areia, Praia, 7600, Cabo Verde
Praia da Gambôa, Avenida de Cuba, Bela Vista, Chã d'Areia, Praia, 7600, Cabo Verde
Praia da Gambôa, Avenida de Cuba, Bela Vista, Chã d'Areia, Praia, 7600, Cabo Verde
34, Serquyosh ko'chasi, _________, Chilonzor Tumani, Toshkent, 100000, O_zbekiston
34, Serquyosh ko'chasi, _________, Chilonzor Tumani, Toshkent, 100000, O_zbekiston
Uhindini, Dodoma, Central, 000255, Tanzania
Uhindini, Dodoma, Central, 000255, Tanzania
Avenue Mokhtar Gazoulit ____ _______ ______, Océan ______ ______, Hassan ____, Rabat ____ ______, pachalik de Rabat, Préfecture de Rabat _____ ______, Rabat-Salé-Kénitra _____-___-______ ______-___-________, 10115, Maroc ______ ______
Oilmills Road, Whittlesey, Fenland, Cambridgeshire, East of England, England, PE26 2TS, UK
____________ ____, ______ ____, ____, _____ ________ ______, _______, 0172, __________
____________ ____, ______ ____, ____, _____ ________ ______, _______, 0172, __________
____________ ____, ______ ____, ____, _____ ________ ______, _______, 0172, __________
____________ ____, ______ ____, ____, _____ ________ ______, _______, 0172, __________
____________ ____, ______ ____, ____, _____ ________ ______, _______, 0172, __________
____________ ____, ______ ____, ____, _____ ________ ______, _______, 0172, __________
____________ ____, ______ ____, ____, _____ ________ ______, _______, 0172, __________
Türkoca_ı Cad., Devlet Mahallesi, Ankara, Çankaya, Ankara, _ç Anadolu Bölgesi, 06560, Türkiye
Aéroport International Houari Boumediene, Route de Aéroport International Houari Boumediene, Dar El Beïda, Alger - _______, 123, _______ _______
Grand Hotel, Place de la Liberté, Oulofobougou, Dar Salam, Bamako, Bamako - Koulikoro, 277, Mali
Grand Hotel, Place de la Liberté, Oulofobougou, Dar Salam, Bamako, Bamako - Koulikoro, 277, Mali
Pointe de Dakar, Dakar, 99900, Sénégal
____ ______ _________ - _____ _____, ____ ____, ___ ________, ______, ______ _______, 11551, ___
____ ______ _________ - _____ _____, ____ ____, ___ ________, ______, ______ _______, 11551, ___
____ ______ _________ - _____ _____, ____ ____, ___ ________, ______, ______ _______, 11551, ___
_________-________ ____, _________, ____________, __________ ________________, 15011, ______
_________-________ ____, _________, ____________, __________ ________________, 15011, ______
17, Zaras_ g., Senamies_io seni_nija, Vilnius, Vilniaus miesto savivaldyb_, Vilniaus apskritis, 01205, Lietuva
17, Zaras_ g., Senamies_io seni_nija, Vilnius, Vilniaus miesto savivaldyb_, Vilniaus apskritis, 01205, Lietuva
17, Zaras_ g., Senamies_io seni_nija, Vilnius, Vilniaus miesto savivaldyb_, Vilniaus apskritis, 01205, Lietuva
Türkoca_ı Cad., Devlet Mahallesi, Ankara, Çankaya, Ankara, _ç Anadolu Bölgesi, 06560, Türkiye
SCIA, Região Integrada de Desenvolvimento do Distrito Federal e Entorno, DF, Região Centro-Oeste, Brasil
34, Serquyosh ko'chasi, _________, Chilonzor Tumani, Toshkent, 100000, O_zbekiston
34, Serquyosh ko'chasi, _________, Chilonzor Tumani, Toshkent, 100000, O_zbekiston
34, Serquyosh ko'chasi, _________, Chilonzor Tumani, Toshkent, 100000, O_zbekiston
Pointe de Dakar, Dakar, 99900, Sénégal
17, Zaras_ g., Senamies_io seni_nija, Vilnius, Vilniaus miesto savivaldyb_, Vilniaus apskritis, 01205, Lietuva
Aéroport International Houari Boumediene, Route de Aéroport International Houari Boumediene, Dar El Beïda, Alger - _______, 123, _______ _______
Aéroport International Houari Boumediene, Route de Aéroport International Houari Boumediene, Dar El Beïda, Alger - _______, 123, _______ _______
Aéroport International Houari Boumediene, Route de Aéroport International Houari Boumediene, Dar El Beïda, Alger - _______, 123, _______ _______
Merkato Market, _____ __, ___ ___ / Addis Ababa, Addis Abeba, 182609, _._._._.
Merkato Market, _____ __, ___ ___ / Addis Ababa, Addis Abeba, 182609, _._._._.
Merkato Market, _____ __, ___ ___ / Addis Ababa, Addis Abeba, 182609, _._._._.
__________, _______, _____________, _____________, _____________, 10700, _________
__________, _______, _____________, _____________, _____________, 10700, _________
__, ____, __, ___, 100032, __
__, ____, __, ___, 100032, __
__, ____, __, ___, 100032, __
__, ____, __, ___, 100032, __
___, ___, __
___, ___, __
RW 08, Gambir, Petojo Selatan, Gambir, Daerah Khusus Ibukota Jakarta, 10130, Indonesia
RW 08, Gambir, Petojo Selatan, Gambir, Daerah Khusus Ibukota Jakarta, 10130, Indonesia
Metcalfe Street, Denham Town, Kingston, Surrey County, KINGSTON 14, Jamaica
Metcalfe Street, Denham Town, Kingston, Surrey County, KINGSTON 14, Jamaica
Chatha Bakhtawar Road, Chak Shehzad, _____ __________ _____ ____, 45550, _________
Chatha Bakhtawar Road, Chak Shehzad, _____ __________ _____ ____, 45550, _________
Avenue Mokhtar Gazoulit ____ _______ ______, Océan ______ ______, Hassan ____, Rabat ____ ______, pachalik de Rabat, Préfecture de Rabat _____ ______, Rabat-Salé-Kénitra _____-___-______ ______-___-________, 10115, Maroc ______ ______
Avenue Mokhtar Gazoulit ____ _______ ______, Océan ______ ______, Hassan ____, Rabat ____ ______, pachalik de Rabat, Préfecture de Rabat _____ ______, Rabat-Salé-Kénitra _____-___-______ ______-___-________, 10115, Maroc ______ ______
Avenue Mokhtar Gazoulit ____ _______ ______, Océan ______ ______, Hassan ____, Rabat ____ ______, pachalik de Rabat, Préfecture de Rabat _____ ______, Rabat-Salé-Kénitra _____-___-______ ______-___-________, 10115, Maroc ______ ______
Oilmills Road, Whittlesey, Fenland, Cambridgeshire, East of England, England, PE26 2TS, UK
Oilmills Road, Whittlesey, Fenland, Cambridgeshire, East of England, England, PE26 2TS, UK
Oilmills Road, Whittlesey, Fenland, Cambridgeshire, East of England, England, PE26 2TS, UK
Türkoca_ı Cad., Devlet Mahallesi, Ankara, Çankaya, Ankara, _ç Anadolu Bölgesi, 06560, Türkiye
Chatha Bakhtawar Road, Chak Shehzad, _____ __________ _____ ____, 45550, _________
Türkoca_ı Cad., Devlet Mahallesi, Ankara, Çankaya, Ankara, _ç Anadolu Bölgesi, 06560, Türkiye
Türkoca_ı Cad., Devlet Mahallesi, Ankara, Çankaya, Ankara, _ç Anadolu Bölgesi, 06560, Türkiye
Türkoca_ı Cad., Devlet Mahallesi, Ankara, Çankaya, Ankara, _ç Anadolu Bölgesi, 06560, Türkiye
Türkoca_ı Cad., Devlet Mahallesi, Ankara, Çankaya, Ankara, _ç Anadolu Bölgesi, 06560, Türkiye
Aéroport International Houari Boumediene, Route de Aéroport International Houari Boumediene, Dar El Beïda, Alger - _______, 123, _______ _______
Pointe de Dakar, Dakar, 99900, Sénégal
Safdarjung, New Delhi, Delhi, 110 021, India
Safdarjung, New Delhi, Delhi, 110 021, India
Safdarjung, New Delhi, Delhi, 110 021, India
Safdarjung, New Delhi, Delhi, 110 021, India
Safdarjung, New Delhi, Delhi, 110 021, India
Safdarjung, New Delhi, Delhi, 110 021, India
Grand Hotel, Place de la Liberté, Oulofobougou, Dar Salam, Bamako, Bamako - Koulikoro, 277, Mali
Grand Hotel, Place de la Liberté, Oulofobougou, Dar Salam, Bamako, Bamako - Koulikoro, 277, Mali
Grand Hotel, Place de la Liberté, Oulofobougou, Dar Salam, Bamako, Bamako - Koulikoro, 277, Mali
Grand Hotel, Place de la Liberté, Oulofobougou, Dar Salam, Bamako, Bamako - Koulikoro, 277, Mali
Grand Hotel, Place de la Liberté, Oulofobougou, Dar Salam, Bamako, Bamako - Koulikoro, 277, Mali
Grand Hotel, Place de la Liberté, Oulofobougou, Dar Salam, Bamako, Bamako - Koulikoro, 277, Mali
115, _________ _____, ______, 720052, __________
115, _________ _____, ______, 720052, __________
Kates apartments, School Lane, Westlands, Nairobi, P.O. BOX 1835 00900, Kenya
Kates apartments, School Lane, Westlands, Nairobi, P.O. BOX 1835 00900, Kenya
Kates apartments, School Lane, Westlands, Nairobi, P.O. BOX 1835 00900, Kenya
____, _____, _____ __ ___ _____, _____, _______ _____, _____ _____, 11148-35535, _______
____, _____, _____ __ ___ _____, _____, _______ _____, _____ _____, 11148-35535, _______
Rione III Colonna, Via del Parlamento, Municipio Roma I, Roma, RM, LAZ, 00186, Italia
Rione III Colonna, Via del Parlamento, Municipio Roma I, Roma, RM, LAZ, 00186, Italia
Rione III Colonna, Via del Parlamento, Municipio Roma I, Roma, RM, LAZ, 00186, Italia
Lapraka, Tiranë, Bashkia Tiranë, Qarku i Tiranës, Shqipëria qendrore, 1001-1028, Shqipëria
Rione III Colonna, Via del Parlamento, Municipio Roma I, Roma, RM, LAZ, 00186, Italia
Rione III Colonna, Via del Parlamento, Municipio Roma I, Roma, RM, LAZ, 00186, Italia
Chatha Bakhtawar Road, Chak Shehzad, _____ __________ _____ ____, 45550, _________
Safdarjung, New Delhi, Delhi, 110 021, India
Safdarjung, New Delhi, Delhi, 110 021, India
Grand Hotel, Place de la Liberté, Oulofobougou, Dar Salam, Bamako, Bamako - Koulikoro, 277, Mali
Kates apartments, School Lane, Westlands, Nairobi, P.O. BOX 1835 00900, Kenya
________ ____________ ___________, __________, __π____, _____, _____ ________, _._. _________ _____ ______, __________ _______, ______, 10443, ______
________ ____________ ___________, __________, __π____, _____, _____ ________, _._. _________ _____ ______, __________ _______, ______, 10443, ______
________ ____________ ___________, __________, __π____, _____, _____ ________, _._. _________ _____ ______, __________ _______, ______, 10443, ______
________ ____________ ___________, __________, __π____, _____, _____ ________, _._. _________ _____ ______, __________ _______, ______, 10443, ______
________ ____________ ___________, __________, __π____, _____, _____ ________, _._. _________ _____ ______, __________ _______, ______, 10443, ______
________ ____________ ___________, __________, __π____, _____, _____ ________, _._. _________ _____ ______, __________ _______, ______, 10443, ______
SCIA, Região Integrada de Desenvolvimento do Distrito Federal e Entorno, DF, Região Centro-Oeste, Brasil
SCIA, Região Integrada de Desenvolvimento do Distrito Federal e Entorno, DF, Região Centro-Oeste, Brasil
SCIA, Região Integrada de Desenvolvimento do Distrito Federal e Entorno, DF, Região Centro-Oeste, Brasil
SCIA, Região Integrada de Desenvolvimento do Distrito Federal e Entorno, DF, Região Centro-Oeste, Brasil
Praia da Gambôa, Avenida de Cuba, Bela Vista, Chã d'Areia, Praia, 7600, Cabo Verde
Praia da Gambôa, Avenida de Cuba, Bela Vista, Chã d'Areia, Praia, 7600, Cabo Verde
Praia da Gambôa, Avenida de Cuba, Bela Vista, Chã d'Areia, Praia, 7600, Cabo Verde
Praia da Gambôa, Avenida de Cuba, Bela Vista, Chã d'Areia, Praia, 7600, Cabo Verde
34, Serquyosh ko'chasi, _________, Chilonzor Tumani, Toshkent, 100000, O_zbekiston
34, Serquyosh ko'chasi, _________, Chilonzor Tumani, Toshkent, 100000, O_zbekiston
Alexandrina Drive, Yarralumla, Canberra, Canberra Central, Australian Capital Territory, 2600, Australia
___, ___, ____, 169-0072, __
Guatemala Street, Belmopan, Cayo District, Cayo, BZ1000, Belize
Uhindini, Dodoma, Central, 000255, Tanzania
Uhindini, Dodoma, Central, 000255, Tanzania
Aéroport International Houari Boumediene, Route de Aéroport International Houari Boumediene, Dar El Beïda, Alger - _______, 123, _______ _______
Avenue Mokhtar Gazoulit ____ _______ ______, Océan ______ ______, Hassan ____, Rabat ____ ______, pachalik de Rabat, Préfecture de Rabat _____ ______, Rabat-Salé-Kénitra _____-___-______ ______-___-________, 10115, Maroc ______ ______
Oilmills Road, Whittlesey, Fenland, Cambridgeshire, East of England, England, PE26 2TS, UK
____________ ____, ______ ____, ____, _____ ________ ______, _______, 0172, __________
____________ ____, ______ ____, ____, _____ ________ ______, _______, 0172, __________
_____ ___, ________, _____________________ _, ___________, ______________, 12308, ______________________
Türkoca_ı Cad., Devlet Mahallesi, Ankara, Çankaya, Ankara, _ç Anadolu Bölgesi, 06560, Türkiye
14, Strada General Gheorghe Lupu, Bucure_ti, Sector 4, Municipiul Bucure_ti, 040585, România
Lapraka, Tiranë, Bashkia Tiranë, Qarku i Tiranës, Shqipëria qendrore, 1001-1028, Shqipëria
____ ______ _________ - _____ _____, ____ ____, ___ ________, ______, ______ _______, 11551, ___
____ ______ _________ - _____ _____, ____ ____, ___ ________, ______, ______ _______, 11551, ___
____ ______ _________ - _____ _____, ____ ____, ___ ________, ______, ______ _______, 11551, ___
_________-________ ____, _________, ____________, __________ ________________, 15011, ______
_________-________ ____, _________, ____________, __________ ________________, 15011, ______
Chatha Bakhtawar Road, Chak Shehzad, _____ __________ _____ ____, 45550, _________
Chatha Bakhtawar Road, Chak Shehzad, _____ __________ _____ ____, 45550, _________
17, Zaras_ g., Senamies_io seni_nija, Vilnius, Vilniaus miesto savivaldyb_, Vilniaus apskritis, 01205, Lietuva
17, Zaras_ g., Senamies_io seni_nija, Vilnius, Vilniaus miesto savivaldyb_, Vilniaus apskritis, 01205, Lietuva
17, Zaras_ g., Senamies_io seni_nija, Vilnius, Vilniaus miesto savivaldyb_, Vilniaus apskritis, 01205, Lietuva
Safdarjung, New Delhi, Delhi, 110 021, India
Türkoca_ı Cad., Devlet Mahallesi, Ankara, Çankaya, Ankara, _ç Anadolu Bölgesi, 06560, Türkiye
34, Serquyosh ko'chasi, _________, Chilonzor Tumani, Toshkent, 100000, O_zbekiston
34, Serquyosh ko'chasi, _________, Chilonzor Tumani, Toshkent, 100000, O_zbekiston
34, Serquyosh ko'chasi, _________, Chilonzor Tumani, Toshkent, 100000, O_zbekiston
Oilmills Road, Whittlesey, Fenland, Cambridgeshire, East of England, England, PE26 2TS, UK
Oilmills Road, Whittlesey, Fenland, Cambridgeshire, East of England, England, PE26 2TS, UK
Aéroport International Houari Boumediene, Route de Aéroport International Houari Boumediene, Dar El Beïda, Alger - _______, 123, _______ _______
Aéroport International Houari Boumediene, Route de Aéroport International Houari Boumediene, Dar El Beïda, Alger - _______, 123, _______ _______
Aéroport International Houari Boumediene, Route de Aéroport International Houari Boumediene, Dar El Beïda, Alger - _______, 123, _______ _______
Merkato Market, _____ __, ___ ___ / Addis Ababa, Addis Abeba, 182609, _._._._.
__________, _______, _____________, _____________, _____________, 10700, _________
__________, _______, _____________, _____________, _____________, 10700, _________
__, ____, __, ___, 100032, __
__, ____, __, ___, 100032, __
__, ____, __, ___, 100032, __
__, ____, __, ___, 100032, __
___, ___, __
___, ___, __
RW 08, Gambir, Petojo Selatan, Gambir, Daerah Khusus Ibukota Jakarta, 10130, Indonesia
RW 08, Gambir, Petojo Selatan, Gambir, Daerah Khusus Ibukota Jakarta, 10130, Indonesia
Metcalfe Street, Denham Town, Kingston, Surrey County, KINGSTON 14, Jamaica
Metcalfe Street, Denham Town, Kingston, Surrey County, KINGSTON 14, Jamaica
Avenue Mokhtar Gazoulit ____ _______ ______, Océan ______ ______, Hassan ____, Rabat ____ ______, pachalik de Rabat, Préfecture de Rabat _____ ______, Rabat-Salé-Kénitra _____-___-______ ______-___-________, 10115, Maroc ______ ______
Avenue Mokhtar Gazoulit ____ _______ ______, Océan ______ ______, Hassan ____, Rabat ____ ______, pachalik de Rabat, Préfecture de Rabat _____ ______, Rabat-Salé-Kénitra _____-___-______ ______-___-________, 10115, Maroc ______ ______
Avenue Mokhtar Gazoulit ____ _______ ______, Océan ______ ______, Hassan ____, Rabat ____ ______, pachalik de Rabat, Préfecture de Rabat _____ ______, Rabat-Salé-Kénitra _____-___-______ ______-___-________, 10115, Maroc ______ ______
Oilmills Road, Whittlesey, Fenland, Cambridgeshire, East of England, England, PE26 2TS, UK
Merkato Market, _____ __, ___ ___ / Addis Ababa, Addis Abeba, 182609, _._._._.
Merkato Market, _____ __, ___ ___ / Addis Ababa, Addis Abeba, 182609, _._._._.
Chatha Bakhtawar Road, Chak Shehzad, _____ __________ _____ ____, 45550, _________
Türkoca_ı Cad., Devlet Mahallesi, Ankara, Çankaya, Ankara, _ç Anadolu Bölgesi, 06560, Türkiye
Türkoca_ı Cad., Devlet Mahallesi, Ankara, Çankaya, Ankara, _ç Anadolu Bölgesi, 06560, Türkiye
Türkoca_ı Cad., Devlet Mahallesi, Ankara, Çankaya, Ankara, _ç Anadolu Bölgesi, 06560, Türkiye
Türkoca_ı Cad., Devlet Mahallesi, Ankara, Çankaya, Ankara, _ç Anadolu Bölgesi, 06560, Türkiye
Türkoca_ı Cad., Devlet Mahallesi, Ankara, Çankaya, Ankara, _ç Anadolu Bölgesi, 06560, Türkiye
Türkoca_ı Cad., Devlet Mahallesi, Ankara, Çankaya, Ankara, _ç Anadolu Bölgesi, 06560, Türkiye
Pointe de Dakar, Dakar, 99900, Sénégal
Pointe de Dakar, Dakar, 99900, Sénégal
Safdarjung, New Delhi, Delhi, 110 021, India
Safdarjung, New Delhi, Delhi, 110 021, India
Safdarjung, New Delhi, Delhi, 110 021, India
Grand Hotel, Place de la Liberté, Oulofobougou, Dar Salam, Bamako, Bamako - Koulikoro, 277, Mali
Grand Hotel, Place de la Liberté, Oulofobougou, Dar Salam, Bamako, Bamako - Koulikoro, 277, Mali
Grand Hotel, Place de la Liberté, Oulofobougou, Dar Salam, Bamako, Bamako - Koulikoro, 277, Mali
Grand Hotel, Place de la Liberté, Oulofobougou, Dar Salam, Bamako, Bamako - Koulikoro, 277, Mali
Grand Hotel, Place de la Liberté, Oulofobougou, Dar Salam, Bamako, Bamako - Koulikoro, 277, Mali
Grand Hotel, Place de la Liberté, Oulofobougou, Dar Salam, Bamako, Bamako - Koulikoro, 277, Mali
115, _________ _____, ______, 720052, __________
115, _________ _____, ______, 720052, __________
Kates apartments, School Lane, Westlands, Nairobi, P.O. BOX 1835 00900, Kenya
Kates apartments, School Lane, Westlands, Nairobi, P.O. BOX 1835 00900, Kenya
Kates apartments, School Lane, Westlands, Nairobi, P.O. BOX 1835 00900, Kenya
____, _____, _____ __ ___ _____, _____, _______ _____, _____ _____, 11148-35535, _______
____, _____, _____ __ ___ _____, _____, _______ _____, _____ _____, 11148-35535, _______
Safdarjung, New Delhi, Delhi, 110 021, India
Safdarjung, New Delhi, Delhi, 110 021, India
Safdarjung, New Delhi, Delhi, 110 021, India
Rione III Colonna, Via del Parlamento, Municipio Roma I, Roma, RM, LAZ, 00186, Italia
Rione III Colonna, Via del Parlamento, Municipio Roma I, Roma, RM, LAZ, 00186, Italia
Lapraka, Tiranë, Bashkia Tiranë, Qarku i Tiranës, Shqipëria qendrore, 1001-1028, Shqipëria
Lapraka, Tiranë, Bashkia Tiranë, Qarku i Tiranës, Shqipëria qendrore, 1001-1028, Shqipëria
Rione III Colonna, Via del Parlamento, Municipio Roma I, Roma, RM, LAZ, 00186, Italia
Rione III Colonna, Via del Parlamento, Municipio Roma I, Roma, RM, LAZ, 00186, Italia
Rione III Colonna, Via del Parlamento, Municipio Roma I, Roma, RM, LAZ, 00186, Italia
Chatha Bakhtawar Road, Chak Shehzad, _____ __________ _____ ____, 45550, _________
SCIA, Região Integrada de Desenvolvimento do Distrito Federal e Entorno, DF, Região Centro-Oeste, Brasil
Safdarjung, New Delhi, Delhi, 110 021, India
Grand Hotel, Place de la Liberté, Oulofobougou, Dar Salam, Bamako, Bamako - Koulikoro, 277, Mali
________ ____________ ___________, __________, __π____, _____, _____ ________, _._. _________ _____ ______, __________ _______, ______, 10443, ______
________ ____________ ___________, __________, __π____, _____, _____ ________, _._. _________ _____ ______, __________ _______, ______, 10443, ______
________ ____________ ___________, __________, __π____, _____, _____ ________, _._. _________ _____ ______, __________ _______, ______, 10443, ______
________ ____________ ___________, __________, __π____, _____, _____ ________, _._. _________ _____ ______, __________ _______, ______, 10443, ______
________ ____________ ___________, __________, __π____, _____, _____ ________, _._. _________ _____ ______, __________ _______, ______, 10443, ______
SCIA, Região Integrada de Desenvolvimento do Distrito Federal e Entorno, DF, Região Centro-Oeste, Brasil
SCIA, Região Integrada de Desenvolvimento do Distrito Federal e Entorno, DF, Região Centro-Oeste, Brasil
Praia da Gambôa, Avenida de Cuba, Bela Vista, Chã d'Areia, Praia, 7600, Cabo Verde
Praia da Gambôa, Avenida de Cuba, Bela Vista, Chã d'Areia, Praia, 7600, Cabo Verde
Praia da Gambôa, Avenida de Cuba, Bela Vista, Chã d'Areia, Praia, 7600, Cabo Verde
Alexandrina Drive, Yarralumla, Canberra, Canberra Central, Australian Capital Territory, 2600, Australia
___, ___, ____, 169-0072, __
Guatemala Street, Belmopan, Cayo District, Cayo, BZ1000, Belize
Uhindini, Dodoma, Central, 000255, Tanzania
Uhindini, Dodoma, Central, 000255, Tanzania
____________ ____, ______ ____, ____, _____ ________ ______, _______, 0172, __________
____________ ____, ______ ____, ____, _____ ________ ______, _______, 0172, __________
_____ ___, ________, _____________________ _, ___________, ______________, 12308, ______________________
14, Strada General Gheorghe Lupu, Bucure_ti, Sector 4, Municipiul Bucure_ti, 040585, România
____ ______ _________ - _____ _____, ____ ____, ___ ________, ______, ______ _______, 11551, ___
____ ______ _________ - _____ _____, ____ ____, ___ ________, ______, ______ _______, 11551, ___
____ ______ _________ - _____ _____, ____ ____, ___ ________, ______, ______ _______, 11551, ___
_________-________ ____, _________, ____________, __________ ________________, 15011, ______
_________-________ ____, _________, ____________, __________ ________________, 15011, ______
Chatha Bakhtawar Road, Chak Shehzad, _____ __________ _____ ____, 45550, _________
Chatha Bakhtawar Road, Chak Shehzad, _____ __________ _____ ____, 45550, _________
Chatha Bakhtawar Road, Chak Shehzad, _____ __________ _____ ____, 45550, _________
Chatha Bakhtawar Road, Chak Shehzad, _____ __________ _____ ____, 45550, _________
17, Zaras_ g., Senamies_io seni_nija, Vilnius, Vilniaus miesto savivaldyb_, Vilniaus apskritis, 01205, Lietuva
17, Zaras_ g., Senamies_io seni_nija, Vilnius, Vilniaus miesto savivaldyb_, Vilniaus apskritis, 01205, Lietuva
17, Zaras_ g., Senamies_io seni_nija, Vilnius, Vilniaus miesto savivaldyb_, Vilniaus apskritis, 01205, Lietuva
34, Serquyosh ko'chasi, _________, Chilonzor Tumani, Toshkent, 100000, O_zbekiston
34, Serquyosh ko'chasi, _________, Chilonzor Tumani, Toshkent, 100000, O_zbekiston
34, Serquyosh ko'chasi, _________, Chilonzor Tumani, Toshkent, 100000, O_zbekiston
14, Strada General Gheorghe Lupu, Bucure_ti, Sector 4, Municipiul Bucure_ti, 040585, România
Oilmills Road, Whittlesey, Fenland, Cambridgeshire, East of England, England, PE26 2TS, UK
Oilmills Road, Whittlesey, Fenland, Cambridgeshire, East of England, England, PE26 2TS, UK
Aéroport International Houari Boumediene, Route de Aéroport International Houari Boumediene, Dar El Beïda, Alger - _______, 123, _______ _______
Aéroport International Houari Boumediene, Route de Aéroport International Houari Boumediene, Dar El Beïda, Alger - _______, 123, _______ _______
Merkato Market, _____ __, ___ ___ / Addis Ababa, Addis Abeba, 182609, _._._._.
Merkato Market, _____ __, ___ ___ / Addis Ababa, Addis Abeba, 182609, _._._._.
Merkato Market, _____ __, ___ ___ / Addis Ababa, Addis Abeba, 182609, _._._._.
__________, _______, _____________, _____________, _____________, 10700, _________
__________, _______, _____________, _____________, _____________, 10700, _________
__, ____, __, ___, 100032, __
__, ____, __, ___, 100032, __
__, ____, __, ___, 100032, __
__, ____, __, ___, 100032, __
___, ___, __
___, ___, __
RW 08, Gambir, Petojo Selatan, Gambir, Daerah Khusus Ibukota Jakarta, 10130, Indonesia
RW 08, Gambir, Petojo Selatan, Gambir, Daerah Khusus Ibukota Jakarta, 10130, Indonesia
Metcalfe Street, Denham Town, Kingston, Surrey County, KINGSTON 14, Jamaica
Metcalfe Street, Denham Town, Kingston, Surrey County, KINGSTON 14, Jamaica
Avenue Mokhtar Gazoulit ____ _______ ______, Océan ______ ______, Hassan ____, Rabat ____ ______, pachalik de Rabat, Préfecture de Rabat _____ ______, Rabat-Salé-Kénitra _____-___-______ ______-___-________, 10115, Maroc ______ ______
Avenue Mokhtar Gazoulit ____ _______ ______, Océan ______ ______, Hassan ____, Rabat ____ ______, pachalik de Rabat, Préfecture de Rabat _____ ______, Rabat-Salé-Kénitra _____-___-______ ______-___-________, 10115, Maroc ______ ______
Avenue Mokhtar Gazoulit ____ _______ ______, Océan ______ ______, Hassan ____, Rabat ____ ______, pachalik de Rabat, Préfecture de Rabat _____ ______, Rabat-Salé-Kénitra _____-___-______ ______-___-________, 10115, Maroc ______ ______
Oilmills Road, Whittlesey, Fenland, Cambridgeshire, East of England, England, PE26 2TS, UK
Türkoca_ı Cad., Devlet Mahallesi, Ankara, Çankaya, Ankara, _ç Anadolu Bölgesi, 06560, Türkiye
Türkoca_ı Cad., Devlet Mahallesi, Ankara, Çankaya, Ankara, _ç Anadolu Bölgesi, 06560, Türkiye
Türkoca_ı Cad., Devlet Mahallesi, Ankara, Çankaya, Ankara, _ç Anadolu Bölgesi, 06560, Türkiye
Türkoca_ı Cad., Devlet Mahallesi, Ankara, Çankaya, Ankara, _ç Anadolu Bölgesi, 06560, Türkiye
Türkoca_ı Cad., Devlet Mahallesi, Ankara, Çankaya, Ankara, _ç Anadolu Bölgesi, 06560, Türkiye
Türkoca_ı Cad., Devlet Mahallesi, Ankara, Çankaya, Ankara, _ç Anadolu Bölgesi, 06560, Türkiye
Pointe de Dakar, Dakar, 99900, Sénégal
Pointe de Dakar, Dakar, 99900, Sénégal
Grand Hotel, Place de la Liberté, Oulofobougou, Dar Salam, Bamako, Bamako - Koulikoro, 277, Mali
Grand Hotel, Place de la Liberté, Oulofobougou, Dar Salam, Bamako, Bamako - Koulikoro, 277, Mali
Grand Hotel, Place de la Liberté, Oulofobougou, Dar Salam, Bamako, Bamako - Koulikoro, 277, Mali
Grand Hotel, Place de la Liberté, Oulofobougou, Dar Salam, Bamako, Bamako - Koulikoro, 277, Mali
Grand Hotel, Place de la Liberté, Oulofobougou, Dar Salam, Bamako, Bamako - Koulikoro, 277, Mali
115, _________ _____, ______, 720052, __________
115, _________ _____, ______, 720052, __________
Kates apartments, School Lane, Westlands, Nairobi, P.O. BOX 1835 00900, Kenya
____, _____, _____ __ ___ _____, _____, _______ _____, _____ _____, 11148-35535, _______
____, _____, _____ __ ___ _____, _____, _______ _____, _____ _____, 11148-35535, _______
Safdarjung, New Delhi, Delhi, 110 021, India
Safdarjung, New Delhi, Delhi, 110 021, India
Safdarjung, New Delhi, Delhi, 110 021, India
Safdarjung, New Delhi, Delhi, 110 021, India
Safdarjung, New Delhi, Delhi, 110 021, India
Safdarjung, New Delhi, Delhi, 110 021, India
Rione III Colonna, Via del Parlamento, Municipio Roma I, Roma, RM, LAZ, 00186, Italia
Rione III Colonna, Via del Parlamento, Municipio Roma I, Roma, RM, LAZ, 00186, Italia
Rione III Colonna, Via del Parlamento, Municipio Roma I, Roma, RM, LAZ, 00186, Italia
Rione III Colonna, Via del Parlamento, Municipio Roma I, Roma, RM, LAZ, 00186, Italia
Rione III Colonna, Via del Parlamento, Municipio Roma I, Roma, RM, LAZ, 00186, Italia
Safdarjung, New Delhi, Delhi, 110 021, India
Grand Hotel, Place de la Liberté, Oulofobougou, Dar Salam, Bamako, Bamako - Koulikoro, 277, Mali
Grand Hotel, Place de la Liberté, Oulofobougou, Dar Salam, Bamako, Bamako - Koulikoro, 277, Mali
Kates apartments, School Lane, Westlands, Nairobi, P.O. BOX 1835 00900, Kenya
Kates apartments, School Lane, Westlands, Nairobi, P.O. BOX 1835 00900, Kenya
________ ____________ ___________, __________, __π____, _____, _____ ________, _._. _________ _____ ______, __________ _______, ______, 10443, ______
________ ____________ ___________, __________, __π____, _____, _____ ________, _._. _________ _____ ______, __________ _______, ______, 10443, ______
________ ____________ ___________, __________, __π____, _____, _____ ________, _._. _________ _____ ______, __________ _______, ______, 10443, ______
________ ____________ ___________, __________, __π____, _____, _____ ________, _._. _________ _____ ______, __________ _______, ______, 10443, ______
SCIA, Região Integrada de Desenvolvimento do Distrito Federal e Entorno, DF, Região Centro-Oeste, Brasil
SCIA, Região Integrada de Desenvolvimento do Distrito Federal e Entorno, DF, Região Centro-Oeste, Brasil
SCIA, Região Integrada de Desenvolvimento do Distrito Federal e Entorno, DF, Região Centro-Oeste, Brasil
Praia da Gambôa, Avenida de Cuba, Bela Vista, Chã d'Areia, Praia, 7600, Cabo Verde
Praia da Gambôa, Avenida de Cuba, Bela Vista, Chã d'Areia, Praia, 7600, Cabo Verde
Praia da Gambôa, Avenida de Cuba, Bela Vista, Chã d'Areia, Praia, 7600, Cabo Verde
Alexandrina Drive, Yarralumla, Canberra, Canberra Central, Australian Capital Territory, 2600, Australia
___, ___, ____, 169-0072, __
Guatemala Street, Belmopan, Cayo District, Cayo, BZ1000, Belize
Uhindini, Dodoma, Central, 000255, Tanzania
Uhindini, Dodoma, Central, 000255, Tanzania
____________ ____, ______ ____, ____, _____ ________ ______, _______, 0172, __________
____________ ____, ______ ____, ____, _____ ________ ______, _______, 0172, __________
_____ ___, ________, _____________________ _, ___________, ______________, 12308, ______________________
Aéroport International Houari Boumediene, Route de Aéroport International Houari Boumediene, Dar El Beïda, Alger - _______, 123, _______ _______
Türkoca_ı Cad., Devlet Mahallesi, Ankara, Çankaya, Ankara, _ç Anadolu Bölgesi, 06560, Türkiye
Lapraka, Tiranë, Bashkia Tiranë, Qarku i Tiranës, Shqipëria qendrore, 1001-1028, Shqipëria
Lapraka, Tiranë, Bashkia Tiranë, Qarku i Tiranës, Shqipëria qendrore, 1001-1028, Shqipëria
____ ______ _________ - _____ _____, ____ ____, ___ ________, ______, ______ _______, 11551, ___
____ ______ _________ - _____ _____, ____ ____, ___ ________, ______, ______ _______, 11551, ___
____ ______ _________ - _____ _____, ____ ____, ___ ________, ______, ______ _______, 11551, ___
_________-________ ____, _________, ____________, __________ ________________, 15011, ______
_________-________ ____, _________, ____________, __________ ________________, 15011, ______
Chatha Bakhtawar Road, Chak Shehzad, _____ __________ _____ ____, 45550, _________
Chatha Bakhtawar Road, Chak Shehzad, _____ __________ _____ ____, 45550, _________
Chatha Bakhtawar Road, Chak Shehzad, _____ __________ _____ ____, 45550, _________
Chatha Bakhtawar Road, Chak Shehzad, _____ __________ _____ ____, 45550, _________
17, Zaras_ g., Senamies_io seni_nija, Vilnius, Vilniaus miesto savivaldyb_, Vilniaus apskritis, 01205, Lietuva
17, Zaras_ g., Senamies_io seni_nija, Vilnius, Vilniaus miesto savivaldyb_, Vilniaus apskritis, 01205, Lietuva
17, Zaras_ g., Senamies_io seni_nija, Vilnius, Vilniaus miesto savivaldyb_, Vilniaus apskritis, 01205, Lietuva
Türkoca_ı Cad., Devlet Mahallesi, Ankara, Çankaya, Ankara, _ç Anadolu Bölgesi, 06560, Türkiye
34, Serquyosh ko'chasi, _________, Chilonzor Tumani, Toshkent, 100000, O_zbekiston
34, Serquyosh ko'chasi, _________, Chilonzor Tumani, Toshkent, 100000, O_zbekiston
34, Serquyosh ko'chasi, _________, Chilonzor Tumani, Toshkent, 100000, O_zbekiston
Aéroport International Houari Boumediene, Route de Aéroport International Houari Boumediene, Dar El Beïda, Alger - _______, 123, _______ _______
14, Strada General Gheorghe Lupu, Bucure_ti, Sector 4, Municipiul Bucure_ti, 040585, România
Oilmills Road, Whittlesey, Fenland, Cambridgeshire, East of England, England, PE26 2TS, UK
Oilmills Road, Whittlesey, Fenland, Cambridgeshire, East of England, England, PE26 2TS, UK
Oilmills Road, Whittlesey, Fenland, Cambridgeshire, East of England, England, PE26 2TS, UK
Merkato Market, _____ __, ___ ___ / Addis Ababa, Addis Abeba, 182609, _._._._.
Merkato Market, _____ __, ___ ___ / Addis Ababa, Addis Abeba, 182609, _._._._.
Merkato Market, _____ __, ___ ___ / Addis Ababa, Addis Abeba, 182609, _._._._.
_________-________ ____, _________, ____________, __________ ________________, 15011, ______
_________-________ ____, _________, ____________, __________ ________________, 15011, ______
__________, _______, _____________, _____________, _____________, 10700, _________
__________, _______, _____________, _____________, _____________, 10700, _________
__, ____, __, ___, 100032, __
__, ____, __, ___, 100032, __
__, ____, __, ___, 100032, __
__, ____, __, ___, 100032, __
___, ___, __
___, ___, __
RW 08, Gambir, Petojo Selatan, Gambir, Daerah Khusus Ibukota Jakarta, 10130, Indonesia
RW 08, Gambir, Petojo Selatan, Gambir, Daerah Khusus Ibukota Jakarta, 10130, Indonesia
Metcalfe Street, Denham Town, Kingston, Surrey County, KINGSTON 14, Jamaica
Metcalfe Street, Denham Town, Kingston, Surrey County, KINGSTON 14, Jamaica
Avenue Mokhtar Gazoulit ____ _______ ______, Océan ______ ______, Hassan ____, Rabat ____ ______, pachalik de Rabat, Préfecture de Rabat _____ ______, Rabat-Salé-Kénitra _____-___-______ ______-___-________, 10115, Maroc ______ ______
Avenue Mokhtar Gazoulit ____ _______ ______, Océan ______ ______, Hassan ____, Rabat ____ ______, pachalik de Rabat, Préfecture de Rabat _____ ______, Rabat-Salé-Kénitra _____-___-______ ______-___-________, 10115, Maroc ______ ______
Avenue Mokhtar Gazoulit ____ _______ ______, Océan ______ ______, Hassan ____, Rabat ____ ______, pachalik de Rabat, Préfecture de Rabat _____ ______, Rabat-Salé-Kénitra _____-___-______ ______-___-________, 10115, Maroc ______ ______
____ ______ _________ - _____ _____, ____ ____, ___ ________, ______, ______ _______, 11551, ___
____ ______ _________ - _____ _____, ____ ____, ___ ________, ______, ______ _______, 11551, ___
____ ______ _________ - _____ _____, ____ ____, ___ ________, ______, ______ _______, 11551, ___
Chatha Bakhtawar Road, Chak Shehzad, _____ __________ _____ ____, 45550, _________
Chatha Bakhtawar Road, Chak Shehzad, _____ __________ _____ ____, 45550, _________
Türkoca_ı Cad., Devlet Mahallesi, Ankara, Çankaya, Ankara, _ç Anadolu Bölgesi, 06560, Türkiye
Türkoca_ı Cad., Devlet Mahallesi, Ankara, Çankaya, Ankara, _ç Anadolu Bölgesi, 06560, Türkiye
Türkoca_ı Cad., Devlet Mahallesi, Ankara, Çankaya, Ankara, _ç Anadolu Bölgesi, 06560, Türkiye
Pointe de Dakar, Dakar, 99900, Sénégal
Pointe de Dakar, Dakar, 99900, Sénégal
115, _________ _____, ______, 720052, __________
115, _________ _____, ______, 720052, __________
____, _____, _____ __ ___ _____, _____, _______ _____, _____ _____, 11148-35535, _______
____, _____, _____ __ ___ _____, _____, _______ _____, _____ _____, 11148-35535, _______
Safdarjung, New Delhi, Delhi, 110 021, India
Safdarjung, New Delhi, Delhi, 110 021, India
Rione III Colonna, Via del Parlamento, Municipio Roma I, Roma, RM, LAZ, 00186, Italia
Safdarjung, New Delhi, Delhi, 110 021, India
Rione III Colonna, Via del Parlamento, Municipio Roma I, Roma, RM, LAZ, 00186, Italia
Safdarjung, New Delhi, Delhi, 110 021, India
Safdarjung, New Delhi, Delhi, 110 021, India
Lapraka, Tiranë, Bashkia Tiranë, Qarku i Tiranës, Shqipëria qendrore, 1001-1028, Shqipëria
Lapraka, Tiranë, Bashkia Tiranë, Qarku i Tiranës, Shqipëria qendrore, 1001-1028, Shqipëria
Rione III Colonna, Via del Parlamento, Municipio Roma I, Roma, RM, LAZ, 00186, Italia
Rione III Colonna, Via del Parlamento, Municipio Roma I, Roma, RM, LAZ, 00186, Italia
Rione III Colonna, Via del Parlamento, Municipio Roma I, Roma, RM, LAZ, 00186, Italia
Safdarjung, New Delhi, Delhi, 110 021, India
Grand Hotel, Place de la Liberté, Oulofobougou, Dar Salam, Bamako, Bamako - Koulikoro, 277, Mali
Grand Hotel, Place de la Liberté, Oulofobougou, Dar Salam, Bamako, Bamako - Koulikoro, 277, Mali
Grand Hotel, Place de la Liberté, Oulofobougou, Dar Salam, Bamako, Bamako - Koulikoro, 277, Mali
Grand Hotel, Place de la Liberté, Oulofobougou, Dar Salam, Bamako, Bamako - Koulikoro, 277, Mali
Grand Hotel, Place de la Liberté, Oulofobougou, Dar Salam, Bamako, Bamako - Koulikoro, 277, Mali
Grand Hotel, Place de la Liberté, Oulofobougou, Dar Salam, Bamako, Bamako - Koulikoro, 277, Mali
Grand Hotel, Place de la Liberté, Oulofobougou, Dar Salam, Bamako, Bamako - Koulikoro, 277, Mali
Kates apartments, School Lane, Westlands, Nairobi, P.O. BOX 1835 00900, Kenya
Kates apartments, School Lane, Westlands, Nairobi, P.O. BOX 1835 00900, Kenya
Kates apartments, School Lane, Westlands, Nairobi, P.O. BOX 1835 00900, Kenya
________ ____________ ___________, __________, __π____, _____, _____ ________, _._. _________ _____ ______, __________ _______, ______, 10443, ______
________ ____________ ___________, __________, __π____, _____, _____ ________, _._. _________ _____ ______, __________ _______, ______, 10443, ______
________ ____________ ___________, __________, __π____, _____, _____ ________, _._. _________ _____ ______, __________ _______, ______, 10443, ______
________ ____________ ___________, __________, __π____, _____, _____ ________, _._. _________ _____ ______, __________ _______, ______, 10443, ______
SCIA, Região Integrada de Desenvolvimento do Distrito Federal e Entorno, DF, Região Centro-Oeste, Brasil
SCIA, Região Integrada de Desenvolvimento do Distrito Federal e Entorno, DF, Região Centro-Oeste, Brasil
SCIA, Região Integrada de Desenvolvimento do Distrito Federal e Entorno, DF, Região Centro-Oeste, Brasil
Praia da Gambôa, Avenida de Cuba, Bela Vista, Chã d'Areia, Praia, 7600, Cabo Verde
Praia da Gambôa, Avenida de Cuba, Bela Vista, Chã d'Areia, Praia, 7600, Cabo Verde
Praia da Gambôa, Avenida de Cuba, Bela Vista, Chã d'Areia, Praia, 7600, Cabo Verde
Alexandrina Drive, Yarralumla, Canberra, Canberra Central, Australian Capital Territory, 2600, Australia
___, ___, ____, 169-0072, __
Guatemala Street, Belmopan, Cayo District, Cayo, BZ1000, Belize
Uhindini, Dodoma, Central, 000255, Tanzania
Uhindini, Dodoma, Central, 000255, Tanzania
____________ ____, ______ ____, ____, _____ ________ ______, _______, 0172, __________
____________ ____, ______ ____, ____, _____ ________ ______, _______, 0172, __________
_____ ___, ________, _____________________ _, ___________, ______________, 12308, ______________________
Aéroport International Houari Boumediene, Route de Aéroport International Houari Boumediene, Dar El Beïda, Alger - _______, 123, _______ _______
Aéroport International Houari Boumediene, Route de Aéroport International Houari Boumediene, Dar El Beïda, Alger - _______, 123, _______ _______
Safdarjung, New Delhi, Delhi, 110 021, India
Chatha Bakhtawar Road, Chak Shehzad, _____ __________ _____ ____, 45550, _________
Chatha Bakhtawar Road, Chak Shehzad, _____ __________ _____ ____, 45550, _________
17, Zaras_ g., Senamies_io seni_nija, Vilnius, Vilniaus miesto savivaldyb_, Vilniaus apskritis, 01205, Lietuva
17, Zaras_ g., Senamies_io seni_nija, Vilnius, Vilniaus miesto savivaldyb_, Vilniaus apskritis, 01205, Lietuva
17, Zaras_ g., Senamies_io seni_nija, Vilnius, Vilniaus miesto savivaldyb_, Vilniaus apskritis, 01205, Lietuva
Türkoca_ı Cad., Devlet Mahallesi, Ankara, Çankaya, Ankara, _ç Anadolu Bölgesi, 06560, Türkiye
Türkoca_ı Cad., Devlet Mahallesi, Ankara, Çankaya, Ankara, _ç Anadolu Bölgesi, 06560, Türkiye
Aéroport International Houari Boumediene, Route de Aéroport International Houari Boumediene, Dar El Beïda, Alger - _______, 123, _______ _______
Grand Hotel, Place de la Liberté, Oulofobougou, Dar Salam, Bamako, Bamako - Koulikoro, 277, Mali
Aéroport International Houari Boumediene, Route de Aéroport International Houari Boumediene, Dar El Beïda, Alger - _______, 123, _______ _______
Aéroport International Houari Boumediene, Route de Aéroport International Houari Boumediene, Dar El Beïda, Alger - _______, 123, _______ _______
Oilmills Road, Whittlesey, Fenland, Cambridgeshire, East of England, England, PE26 2TS, UK
34, Serquyosh ko'chasi, _________, Chilonzor Tumani, Toshkent, 100000, O_zbekiston
14, Strada General Gheorghe Lupu, Bucure_ti, Sector 4, Municipiul Bucure_ti, 040585, România
Avenue Mokhtar Gazoulit ____ _______ ______, Océan ______ ______, Hassan ____, Rabat ____ ______, pachalik de Rabat, Préfecture de Rabat _____ ______, Rabat-Salé-Kénitra _____-___-______ ______-___-________, 10115, Maroc ______ ______
Avenue Mokhtar Gazoulit ____ _______ ______, Océan ______ ______, Hassan ____, Rabat ____ ______, pachalik de Rabat, Préfecture de Rabat _____ ______, Rabat-Salé-Kénitra _____-___-______ ______-___-________, 10115, Maroc ______ ______
Avenue Mokhtar Gazoulit ____ _______ ______, Océan ______ ______, Hassan ____, Rabat ____ ______, pachalik de Rabat, Préfecture de Rabat _____ ______, Rabat-Salé-Kénitra _____-___-______ ______-___-________, 10115, Maroc ______ ______
Oilmills Road, Whittlesey, Fenland, Cambridgeshire, East of England, England, PE26 2TS, UK
Oilmills Road, Whittlesey, Fenland, Cambridgeshire, East of England, England, PE26 2TS, UK
_________-________ ____, _________, ____________, __________ ________________, 15011, ______
_________-________ ____, _________, ____________, __________ ________________, 15011, ______
__________, _______, _____________, _____________, _____________, 10700, _________
__________, _______, _____________, _____________, _____________, 10700, _________
__, ____, __, ___, 100032, __
__, ____, __, ___, 100032, __
__, ____, __, ___, 100032, __
__, ____, __, ___, 100032, __
___, ___, __
___, ___, __
RW 08, Gambir, Petojo Selatan, Gambir, Daerah Khusus Ibukota Jakarta, 10130, Indonesia
RW 08, Gambir, Petojo Selatan, Gambir, Daerah Khusus Ibukota Jakarta, 10130, Indonesia
Metcalfe Street, Denham Town, Kingston, Surrey County, KINGSTON 14, Jamaica
Metcalfe Street, Denham Town, Kingston, Surrey County, KINGSTON 14, Jamaica
Merkato Market, _____ __, ___ ___ / Addis Ababa, Addis Abeba, 182609, _._._._.
Merkato Market, _____ __, ___ ___ / Addis Ababa, Addis Abeba, 182609, _._._._.
Merkato Market, _____ __, ___ ___ / Addis Ababa, Addis Abeba, 182609, _._._._.
____ ______ _________ - _____ _____, ____ ____, ___ ________, ______, ______ _______, 11551, ___
Chatha Bakhtawar Road, Chak Shehzad, _____ __________ _____ ____, 45550, _________
Chatha Bakhtawar Road, Chak Shehzad, _____ __________ _____ ____, 45550, _________
Chatha Bakhtawar Road, Chak Shehzad, _____ __________ _____ ____, 45550, _________
Chatha Bakhtawar Road, Chak Shehzad, _____ __________ _____ ____, 45550, _________
Türkoca_ı Cad., Devlet Mahallesi, Ankara, Çankaya, Ankara, _ç Anadolu Bölgesi, 06560, Türkiye
Türkoca_ı Cad., Devlet Mahallesi, Ankara, Çankaya, Ankara, _ç Anadolu Bölgesi, 06560, Türkiye
Türkoca_ı Cad., Devlet Mahallesi, Ankara, Çankaya, Ankara, _ç Anadolu Bölgesi, 06560, Türkiye
Türkoca_ı Cad., Devlet Mahallesi, Ankara, Çankaya, Ankara, _ç Anadolu Bölgesi, 06560, Türkiye
Türkoca_ı Cad., Devlet Mahallesi, Ankara, Çankaya, Ankara, _ç Anadolu Bölgesi, 06560, Türkiye
Türkoca_ı Cad., Devlet Mahallesi, Ankara, Çankaya, Ankara, _ç Anadolu Bölgesi, 06560, Türkiye
____ ______ _________ - _____ _____, ____ ____, ___ ________, ______, ______ _______, 11551, ___
____ ______ _________ - _____ _____, ____ ____, ___ ________, ______, ______ _______, 11551, ___
Pointe de Dakar, Dakar, 99900, Sénégal
Pointe de Dakar, Dakar, 99900, Sénégal
115, _________ _____, ______, 720052, __________
115, _________ _____, ______, 720052, __________
____, _____, _____ __ ___ _____, _____, _______ _____, _____ _____, 11148-35535, _______
____, _____, _____ __ ___ _____, _____, _______ _____, _____ _____, 11148-35535, _______
Rione III Colonna, Via del Parlamento, Municipio Roma I, Roma, RM, LAZ, 00186, Italia
Rione III Colonna, Via del Parlamento, Municipio Roma I, Roma, RM, LAZ, 00186, Italia
Rione III Colonna, Via del Parlamento, Municipio Roma I, Roma, RM, LAZ, 00186, Italia
Safdarjung, New Delhi, Delhi, 110 021, India
Safdarjung, New Delhi, Delhi, 110 021, India
Safdarjung, New Delhi, Delhi, 110 021, India
Safdarjung, New Delhi, Delhi, 110 021, India
Safdarjung, New Delhi, Delhi, 110 021, India
Rione III Colonna, Via del Parlamento, Municipio Roma I, Roma, RM, LAZ, 00186, Italia
Rione III Colonna, Via del Parlamento, Municipio Roma I, Roma, RM, LAZ, 00186, Italia
Grand Hotel, Place de la Liberté, Oulofobougou, Dar Salam, Bamako, Bamako - Koulikoro, 277, Mali
Grand Hotel, Place de la Liberté, Oulofobougou, Dar Salam, Bamako, Bamako - Koulikoro, 277, Mali
Grand Hotel, Place de la Liberté, Oulofobougou, Dar Salam, Bamako, Bamako - Koulikoro, 277, Mali
Grand Hotel, Place de la Liberté, Oulofobougou, Dar Salam, Bamako, Bamako - Koulikoro, 277, Mali
Grand Hotel, Place de la Liberté, Oulofobougou, Dar Salam, Bamako, Bamako - Koulikoro, 277, Mali
34, Serquyosh ko'chasi, _________, Chilonzor Tumani, Toshkent, 100000, O_zbekiston
34, Serquyosh ko'chasi, _________, Chilonzor Tumani, Toshkent, 100000, O_zbekiston
Kates apartments, School Lane, Westlands, Nairobi, P.O. BOX 1835 00900, Kenya
Kates apartments, School Lane, Westlands, Nairobi, P.O. BOX 1835 00900, Kenya
Kates apartments, School Lane, Westlands, Nairobi, P.O. BOX 1835 00900, Kenya
________ ____________ ___________, __________, __π____, _____, _____ ________, _._. _________ _____ ______, __________ _______, ______, 10443, ______
________ ____________ ___________, __________, __π____, _____, _____ ________, _._. _________ _____ ______, __________ _______, ______, 10443, ______
________ ____________ ___________, __________, __π____, _____, _____ ________, _._. _________ _____ ______, __________ _______, ______, 10443, ______
________ ____________ ___________, __________, __π____, _____, _____ ________, _._. _________ _____ ______, __________ _______, ______, 10443, ______
SCIA, Região Integrada de Desenvolvimento do Distrito Federal e Entorno, DF, Região Centro-Oeste, Brasil
SCIA, Região Integrada de Desenvolvimento do Distrito Federal e Entorno, DF, Região Centro-Oeste, Brasil
SCIA, Região Integrada de Desenvolvimento do Distrito Federal e Entorno, DF, Região Centro-Oeste, Brasil
Praia da Gambôa, Avenida de Cuba, Bela Vista, Chã d'Areia, Praia, 7600, Cabo Verde
Praia da Gambôa, Avenida de Cuba, Bela Vista, Chã d'Areia, Praia, 7600, Cabo Verde
Praia da Gambôa, Avenida de Cuba, Bela Vista, Chã d'Areia, Praia, 7600, Cabo Verde
Alexandrina Drive, Yarralumla, Canberra, Canberra Central, Australian Capital Territory, 2600, Australia
___, ___, ____, 169-0072, __
Guatemala Street, Belmopan, Cayo District, Cayo, BZ1000, Belize
Uhindini, Dodoma, Central, 000255, Tanzania
____________ ____, ______ ____, ____, _____ ________ ______, _______, 0172, __________
____________ ____, ______ ____, ____, _____ ________ ______, _______, 0172, __________
Uhindini, Dodoma, Central, 000255, Tanzania
_____ ___, ________, _____________________ _, ___________, ______________, 12308, ______________________
Safdarjung, New Delhi, Delhi, 110 021, India
Lapraka, Tiranë, Bashkia Tiranë, Qarku i Tiranës, Shqipëria qendrore, 1001-1028, Shqipëria
Lapraka, Tiranë, Bashkia Tiranë, Qarku i Tiranës, Shqipëria qendrore, 1001-1028, Shqipëria
17, Zaras_ g., Senamies_io seni_nija, Vilnius, Vilniaus miesto savivaldyb_, Vilniaus apskritis, 01205, Lietuva
17, Zaras_ g., Senamies_io seni_nija, Vilnius, Vilniaus miesto savivaldyb_, Vilniaus apskritis, 01205, Lietuva
17, Zaras_ g., Senamies_io seni_nija, Vilnius, Vilniaus miesto savivaldyb_, Vilniaus apskritis, 01205, Lietuva
Oilmills Road, Whittlesey, Fenland, Cambridgeshire, East of England, England, PE26 2TS, UK
14, Strada General Gheorghe Lupu, Bucure_ti, Sector 4, Municipiul Bucure_ti, 040585, România
Avenue Mokhtar Gazoulit ____ _______ ______, Océan ______ ______, Hassan ____, Rabat ____ ______, pachalik de Rabat, Préfecture de Rabat _____ ______, Rabat-Salé-Kénitra _____-___-______ ______-___-________, 10115, Maroc ______ ______
Avenue Mokhtar Gazoulit ____ _______ ______, Océan ______ ______, Hassan ____, Rabat ____ ______, pachalik de Rabat, Préfecture de Rabat _____ ______, Rabat-Salé-Kénitra _____-___-______ ______-___-________, 10115, Maroc ______ ______
Avenue Mokhtar Gazoulit ____ _______ ______, Océan ______ ______, Hassan ____, Rabat ____ ______, pachalik de Rabat, Préfecture de Rabat _____ ______, Rabat-Salé-Kénitra _____-___-______ ______-___-________, 10115, Maroc ______ ______
_________-________ ____, _________, ____________, __________ ________________, 15011, ______
_________-________ ____, _________, ____________, __________ ________________, 15011, ______
__________, _______, _____________, _____________, _____________, 10700, _________
__________, _______, _____________, _____________, _____________, 10700, _________
__, ____, __, ___, 100032, __
__, ____, __, ___, 100032, __
__, ____, __, ___, 100032, __
__, ____, __, ___, 100032, __
___, ___, __
___, ___, __
RW 08, Gambir, Petojo Selatan, Gambir, Daerah Khusus Ibukota Jakarta, 10130, Indonesia
RW 08, Gambir, Petojo Selatan, Gambir, Daerah Khusus Ibukota Jakarta, 10130, Indonesia
Metcalfe Street, Denham Town, Kingston, Surrey County, KINGSTON 14, Jamaica
Metcalfe Street, Denham Town, Kingston, Surrey County, KINGSTON 14, Jamaica
Merkato Market, _____ __, ___ ___ / Addis Ababa, Addis Abeba, 182609, _._._._.
Merkato Market, _____ __, ___ ___ / Addis Ababa, Addis Abeba, 182609, _._._._.
Merkato Market, _____ __, ___ ___ / Addis Ababa, Addis Abeba, 182609, _._._._.
Chatha Bakhtawar Road, Chak Shehzad, _____ __________ _____ ____, 45550, _________
Chatha Bakhtawar Road, Chak Shehzad, _____ __________ _____ ____, 45550, _________
Chatha Bakhtawar Road, Chak Shehzad, _____ __________ _____ ____, 45550, _________
Chatha Bakhtawar Road, Chak Shehzad, _____ __________ _____ ____, 45550, _________
Türkoca_ı Cad., Devlet Mahallesi, Ankara, Çankaya, Ankara, _ç Anadolu Bölgesi, 06560, Türkiye
Türkoca_ı Cad., Devlet Mahallesi, Ankara, Çankaya, Ankara, _ç Anadolu Bölgesi, 06560, Türkiye
Türkoca_ı Cad., Devlet Mahallesi, Ankara, Çankaya, Ankara, _ç Anadolu Bölgesi, 06560, Türkiye
Türkoca_ı Cad., Devlet Mahallesi, Ankara, Çankaya, Ankara, _ç Anadolu Bölgesi, 06560, Türkiye
Türkoca_ı Cad., Devlet Mahallesi, Ankara, Çankaya, Ankara, _ç Anadolu Bölgesi, 06560, Türkiye
Türkoca_ı Cad., Devlet Mahallesi, Ankara, Çankaya, Ankara, _ç Anadolu Bölgesi, 06560, Türkiye
____ ______ _________ - _____ _____, ____ ____, ___ ________, ______, ______ _______, 11551, ___
____ ______ _________ - _____ _____, ____ ____, ___ ________, ______, ______ _______, 11551, ___
____ ______ _________ - _____ _____, ____ ____, ___ ________, ______, ______ _______, 11551, ___
Aéroport International Houari Boumediene, Route de Aéroport International Houari Boumediene, Dar El Beïda, Alger - _______, 123, _______ _______
Aéroport International Houari Boumediene, Route de Aéroport International Houari Boumediene, Dar El Beïda, Alger - _______, 123, _______ _______
Aéroport International Houari Boumediene, Route de Aéroport International Houari Boumediene, Dar El Beïda, Alger - _______, 123, _______ _______
Pointe de Dakar, Dakar, 99900, Sénégal
Pointe de Dakar, Dakar, 99900, Sénégal
115, _________ _____, ______, 720052, __________
115, _________ _____, ______, 720052, __________
____, _____, _____ __ ___ _____, _____, _______ _____, _____ _____, 11148-35535, _______
____, _____, _____ __ ___ _____, _____, _______ _____, _____ _____, 11148-35535, _______
Rione III Colonna, Via del Parlamento, Municipio Roma I, Roma, RM, LAZ, 00186, Italia
Rione III Colonna, Via del Parlamento, Municipio Roma I, Roma, RM, LAZ, 00186, Italia
Rione III Colonna, Via del Parlamento, Municipio Roma I, Roma, RM, LAZ, 00186, Italia
Lapraka, Tiranë, Bashkia Tiranë, Qarku i Tiranës, Shqipëria qendrore, 1001-1028, Shqipëria
Safdarjung, New Delhi, Delhi, 110 021, India
Safdarjung, New Delhi, Delhi, 110 021, India
Lapraka, Tiranë, Bashkia Tiranë, Qarku i Tiranës, Shqipëria qendrore, 1001-1028, Shqipëria
Safdarjung, New Delhi, Delhi, 110 021, India
Rione III Colonna, Via del Parlamento, Municipio Roma I, Roma, RM, LAZ, 00186, Italia
Safdarjung, New Delhi, Delhi, 110 021, India
Rione III Colonna, Via del Parlamento, Municipio Roma I, Roma, RM, LAZ, 00186, Italia
Safdarjung, New Delhi, Delhi, 110 021, India
Safdarjung, New Delhi, Delhi, 110 021, India
Grand Hotel, Place de la Liberté, Oulofobougou, Dar Salam, Bamako, Bamako - Koulikoro, 277, Mali
Grand Hotel, Place de la Liberté, Oulofobougou, Dar Salam, Bamako, Bamako - Koulikoro, 277, Mali
Grand Hotel, Place de la Liberté, Oulofobougou, Dar Salam, Bamako, Bamako - Koulikoro, 277, Mali
Grand Hotel, Place de la Liberté, Oulofobougou, Dar Salam, Bamako, Bamako - Koulikoro, 277, Mali
Grand Hotel, Place de la Liberté, Oulofobougou, Dar Salam, Bamako, Bamako - Koulikoro, 277, Mali
Grand Hotel, Place de la Liberté, Oulofobougou, Dar Salam, Bamako, Bamako - Koulikoro, 277, Mali
34, Serquyosh ko'chasi, _________, Chilonzor Tumani, Toshkent, 100000, O_zbekiston
34, Serquyosh ko'chasi, _________, Chilonzor Tumani, Toshkent, 100000, O_zbekiston
34, Serquyosh ko'chasi, _________, Chilonzor Tumani, Toshkent, 100000, O_zbekiston
Kates apartments, School Lane, Westlands, Nairobi, P.O. BOX 1835 00900, Kenya
Kates apartments, School Lane, Westlands, Nairobi, P.O. BOX 1835 00900, Kenya
Kates apartments, School Lane, Westlands, Nairobi, P.O. BOX 1835 00900, Kenya
________ ____________ ___________, __________, __π____, _____, _____ ________, _._. _________ _____ ______, __________ _______, ______, 10443, ______
________ ____________ ___________, __________, __π____, _____, _____ ________, _._. _________ _____ ______, __________ _______, ______, 10443, ______
________ ____________ ___________, __________, __π____, _____, _____ ________, _._. _________ _____ ______, __________ _______, ______, 10443, ______
________ ____________ ___________, __________, __π____, _____, _____ ________, _._. _________ _____ ______, __________ _______, ______, 10443, ______
SCIA, Região Integrada de Desenvolvimento do Distrito Federal e Entorno, DF, Região Centro-Oeste, Brasil
SCIA, Região Integrada de Desenvolvimento do Distrito Federal e Entorno, DF, Região Centro-Oeste, Brasil
SCIA, Região Integrada de Desenvolvimento do Distrito Federal e Entorno, DF, Região Centro-Oeste, Brasil
Praia da Gambôa, Avenida de Cuba, Bela Vista, Chã d'Areia, Praia, 7600, Cabo Verde
Praia da Gambôa, Avenida de Cuba, Bela Vista, Chã d'Areia, Praia, 7600, Cabo Verde
Praia da Gambôa, Avenida de Cuba, Bela Vista, Chã d'Areia, Praia, 7600, Cabo Verde
Alexandrina Drive, Yarralumla, Canberra, Canberra Central, Australian Capital Territory, 2600, Australia
___, ___, ____, 169-0072, __
Guatemala Street, Belmopan, Cayo District, Cayo, BZ1000, Belize
Oilmills Road, Whittlesey, Fenland, Cambridgeshire, East of England, England, PE26 2TS, UK
____________ ____, ______ ____, ____, _____ ________ ______, _______, 0172, __________
____________ ____, ______ ____, ____, _____ ________ ______, _______, 0172, __________
Uhindini, Dodoma, Central, 000255, Tanzania
Uhindini, Dodoma, Central, 000255, Tanzania
_____ ___, ________, _____________________ _, ___________, ______________, 12308, ______________________
Oilmills Road, Whittlesey, Fenland, Cambridgeshire, East of England, England, PE26 2TS, UK
17, Zaras_ g., Senamies_io seni_nija, Vilnius, Vilniaus miesto savivaldyb_, Vilniaus apskritis, 01205, Lietuva
17, Zaras_ g., Senamies_io seni_nija, Vilnius, Vilniaus miesto savivaldyb_, Vilniaus apskritis, 01205, Lietuva
17, Zaras_ g., Senamies_io seni_nija, Vilnius, Vilniaus miesto savivaldyb_, Vilniaus apskritis, 01205, Lietuva
Türkoca_ı Cad., Devlet Mahallesi, Ankara, Çankaya, Ankara, _ç Anadolu Bölgesi, 06560, Türkiye
Türkoca_ı Cad., Devlet Mahallesi, Ankara, Çankaya, Ankara, _ç Anadolu Bölgesi, 06560, Türkiye
14, Strada General Gheorghe Lupu, Bucure_ti, Sector 4, Municipiul Bucure_ti, 040585, România
Avenue Mokhtar Gazoulit ____ _______ ______, Océan ______ ______, Hassan ____, Rabat ____ ______, pachalik de Rabat, Préfecture de Rabat _____ ______, Rabat-Salé-Kénitra _____-___-______ ______-___-________, 10115, Maroc ______ ______
_________-________ ____, _________, ____________, __________ ________________, 15011, ______
_________-________ ____, _________, ____________, __________ ________________, 15011, ______
__________, _______, _____________, _____________, _____________, 10700, _________
__________, _______, _____________, _____________, _____________, 10700, _________
__, ____, __, ___, 100032, __
__, ____, __, ___, 100032, __
__, ____, __, ___, 100032, __
__, ____, __, ___, 100032, __
___, ___, __
___, ___, __
RW 08, Gambir, Petojo Selatan, Gambir, Daerah Khusus Ibukota Jakarta, 10130, Indonesia
RW 08, Gambir, Petojo Selatan, Gambir, Daerah Khusus Ibukota Jakarta, 10130, Indonesia
Metcalfe Street, Denham Town, Kingston, Surrey County, KINGSTON 14, Jamaica
Metcalfe Street, Denham Town, Kingston, Surrey County, KINGSTON 14, Jamaica
Avenue Mokhtar Gazoulit ____ _______ ______, Océan ______ ______, Hassan ____, Rabat ____ ______, pachalik de Rabat, Préfecture de Rabat _____ ______, Rabat-Salé-Kénitra _____-___-______ ______-___-________, 10115, Maroc ______ ______
Avenue Mokhtar Gazoulit ____ _______ ______, Océan ______ ______, Hassan ____, Rabat ____ ______, pachalik de Rabat, Préfecture de Rabat _____ ______, Rabat-Salé-Kénitra _____-___-______ ______-___-________, 10115, Maroc ______ ______
Merkato Market, _____ __, ___ ___ / Addis Ababa, Addis Abeba, 182609, _._._._.
Merkato Market, _____ __, ___ ___ / Addis Ababa, Addis Abeba, 182609, _._._._.
Merkato Market, _____ __, ___ ___ / Addis Ababa, Addis Abeba, 182609, _._._._.
Chatha Bakhtawar Road, Chak Shehzad, _____ __________ _____ ____, 45550, _________
Chatha Bakhtawar Road, Chak Shehzad, _____ __________ _____ ____, 45550, _________
Chatha Bakhtawar Road, Chak Shehzad, _____ __________ _____ ____, 45550, _________
Chatha Bakhtawar Road, Chak Shehzad, _____ __________ _____ ____, 45550, _________
Türkoca_ı Cad., Devlet Mahallesi, Ankara, Çankaya, Ankara, _ç Anadolu Bölgesi, 06560, Türkiye
Türkoca_ı Cad., Devlet Mahallesi, Ankara, Çankaya, Ankara, _ç Anadolu Bölgesi, 06560, Türkiye
Türkoca_ı Cad., Devlet Mahallesi, Ankara, Çankaya, Ankara, _ç Anadolu Bölgesi, 06560, Türkiye
Türkoca_ı Cad., Devlet Mahallesi, Ankara, Çankaya, Ankara, _ç Anadolu Bölgesi, 06560, Türkiye
____ ______ _________ - _____ _____, ____ ____, ___ ________, ______, ______ _______, 11551, ___
____ ______ _________ - _____ _____, ____ ____, ___ ________, ______, ______ _______, 11551, ___
____ ______ _________ - _____ _____, ____ ____, ___ ________, ______, ______ _______, 11551, ___
Aéroport International Houari Boumediene, Route de Aéroport International Houari Boumediene, Dar El Beïda, Alger - _______, 123, _______ _______
Aéroport International Houari Boumediene, Route de Aéroport International Houari Boumediene, Dar El Beïda, Alger - _______, 123, _______ _______
Aéroport International Houari Boumediene, Route de Aéroport International Houari Boumediene, Dar El Beïda, Alger - _______, 123, _______ _______
Pointe de Dakar, Dakar, 99900, Sénégal
Pointe de Dakar, Dakar, 99900, Sénégal
115, _________ _____, ______, 720052, __________
115, _________ _____, ______, 720052, __________
____, _____, _____ __ ___ _____, _____, _______ _____, _____ _____, 11148-35535, _______
____, _____, _____ __ ___ _____, _____, _______ _____, _____ _____, 11148-35535, _______
Rione III Colonna, Via del Parlamento, Municipio Roma I, Roma, RM, LAZ, 00186, Italia
Lapraka, Tiranë, Bashkia Tiranë, Qarku i Tiranës, Shqipëria qendrore, 1001-1028, Shqipëria
Rione III Colonna, Via del Parlamento, Municipio Roma I, Roma, RM, LAZ, 00186, Italia
Safdarjung, New Delhi, Delhi, 110 021, India
Safdarjung, New Delhi, Delhi, 110 021, India
Safdarjung, New Delhi, Delhi, 110 021, India
Safdarjung, New Delhi, Delhi, 110 021, India
Safdarjung, New Delhi, Delhi, 110 021, India
Safdarjung, New Delhi, Delhi, 110 021, India
Grand Hotel, Place de la Liberté, Oulofobougou, Dar Salam, Bamako, Bamako - Koulikoro, 277, Mali
Grand Hotel, Place de la Liberté, Oulofobougou, Dar Salam, Bamako, Bamako - Koulikoro, 277, Mali
Grand Hotel, Place de la Liberté, Oulofobougou, Dar Salam, Bamako, Bamako - Koulikoro, 277, Mali
Grand Hotel, Place de la Liberté, Oulofobougou, Dar Salam, Bamako, Bamako - Koulikoro, 277, Mali
Grand Hotel, Place de la Liberté, Oulofobougou, Dar Salam, Bamako, Bamako - Koulikoro, 277, Mali
Grand Hotel, Place de la Liberté, Oulofobougou, Dar Salam, Bamako, Bamako - Koulikoro, 277, Mali
34, Serquyosh ko'chasi, _________, Chilonzor Tumani, Toshkent, 100000, O_zbekiston
Kates apartments, School Lane, Westlands, Nairobi, P.O. BOX 1835 00900, Kenya
Kates apartments, School Lane, Westlands, Nairobi, P.O. BOX 1835 00900, Kenya
Kates apartments, School Lane, Westlands, Nairobi, P.O. BOX 1835 00900, Kenya
Rione III Colonna, Via del Parlamento, Municipio Roma I, Roma, RM, LAZ, 00186, Italia
Rione III Colonna, Via del Parlamento, Municipio Roma I, Roma, RM, LAZ, 00186, Italia
Rione III Colonna, Via del Parlamento, Municipio Roma I, Roma, RM, LAZ, 00186, Italia
________ ____________ ___________, __________, __π____, _____, _____ ________, _._. _________ _____ ______, __________ _______, ______, 10443, ______
________ ____________ ___________, __________, __π____, _____, _____ ________, _._. _________ _____ ______, __________ _______, ______, 10443, ______
________ ____________ ___________, __________, __π____, _____, _____ ________, _._. _________ _____ ______, __________ _______, ______, 10443, ______
________ ____________ ___________, __________, __π____, _____, _____ ________, _._. _________ _____ ______, __________ _______, ______, 10443, ______
SCIA, Região Integrada de Desenvolvimento do Distrito Federal e Entorno, DF, Região Centro-Oeste, Brasil
SCIA, Região Integrada de Desenvolvimento do Distrito Federal e Entorno, DF, Região Centro-Oeste, Brasil
SCIA, Região Integrada de Desenvolvimento do Distrito Federal e Entorno, DF, Região Centro-Oeste, Brasil
Praia da Gambôa, Avenida de Cuba, Bela Vista, Chã d'Areia, Praia, 7600, Cabo Verde
34, Serquyosh ko'chasi, _________, Chilonzor Tumani, Toshkent, 100000, O_zbekiston
Praia da Gambôa, Avenida de Cuba, Bela Vista, Chã d'Areia, Praia, 7600, Cabo Verde
Praia da Gambôa, Avenida de Cuba, Bela Vista, Chã d'Areia, Praia, 7600, Cabo Verde
34, Serquyosh ko'chasi, _________, Chilonzor Tumani, Toshkent, 100000, O_zbekiston
Alexandrina Drive, Yarralumla, Canberra, Canberra Central, Australian Capital Territory, 2600, Australia
___, ___, ____, 169-0072, __
Guatemala Street, Belmopan, Cayo District, Cayo, BZ1000, Belize
Oilmills Road, Whittlesey, Fenland, Cambridgeshire, East of England, England, PE26 2TS, UK
Oilmills Road, Whittlesey, Fenland, Cambridgeshire, East of England, England, PE26 2TS, UK
Oilmills Road, Whittlesey, Fenland, Cambridgeshire, East of England, England, PE26 2TS, UK
____________ ____, ______ ____, ____, _____ ________ ______, _______, 0172, __________
____________ ____, ______ ____, ____, _____ ________ ______, _______, 0172, __________
Uhindini, Dodoma, Central, 000255, Tanzania
Uhindini, Dodoma, Central, 000255, Tanzania
_____ ___, ________, _____________________ _, ___________, ______________, 12308, ______________________
Lapraka, Tiranë, Bashkia Tiranë, Qarku i Tiranës, Shqipëria qendrore, 1001-1028, Shqipëria
17, Zaras_ g., Senamies_io seni_nija, Vilnius, Vilniaus miesto savivaldyb_, Vilniaus apskritis, 01205, Lietuva
17, Zaras_ g., Senamies_io seni_nija, Vilnius, Vilniaus miesto savivaldyb_, Vilniaus apskritis, 01205, Lietuva
17, Zaras_ g., Senamies_io seni_nija, Vilnius, Vilniaus miesto savivaldyb_, Vilniaus apskritis, 01205, Lietuva
17, Zaras_ g., Senamies_io seni_nija, Vilnius, Vilniaus miesto savivaldyb_, Vilniaus apskritis, 01205, Lietuva
14, Strada General Gheorghe Lupu, Bucure_ti, Sector 4, Municipiul Bucure_ti, 040585, România
Avenue Mokhtar Gazoulit ____ _______ ______, Océan ______ ______, Hassan ____, Rabat ____ ______, pachalik de Rabat, Préfecture de Rabat _____ ______, Rabat-Salé-Kénitra _____-___-______ ______-___-________, 10115, Maroc ______ ______
_________-________ ____, _________, ____________, __________ ________________, 15011, ______
_________-________ ____, _________, ____________, __________ ________________, 15011, ______
__________, _______, _____________, _____________, _____________, 10700, _________
__________, _______, _____________, _____________, _____________, 10700, _________
__, ____, __, ___, 100032, __
__, ____, __, ___, 100032, __
__, ____, __, ___, 100032, __
__, ____, __, ___, 100032, __
___, ___, __
___, ___, __
RW 08, Gambir, Petojo Selatan, Gambir, Daerah Khusus Ibukota Jakarta, 10130, Indonesia
RW 08, Gambir, Petojo Selatan, Gambir, Daerah Khusus Ibukota Jakarta, 10130, Indonesia
Metcalfe Street, Denham Town, Kingston, Surrey County, KINGSTON 14, Jamaica
Metcalfe Street, Denham Town, Kingston, Surrey County, KINGSTON 14, Jamaica
Avenue Mokhtar Gazoulit ____ _______ ______, Océan ______ ______, Hassan ____, Rabat ____ ______, pachalik de Rabat, Préfecture de Rabat _____ ______, Rabat-Salé-Kénitra _____-___-______ ______-___-________, 10115, Maroc ______ ______
Merkato Market, _____ __, ___ ___ / Addis Ababa, Addis Abeba, 182609, _._._._.
Merkato Market, _____ __, ___ ___ / Addis Ababa, Addis Abeba, 182609, _._._._.
Merkato Market, _____ __, ___ ___ / Addis Ababa, Addis Abeba, 182609, _._._._.
Avenue Mokhtar Gazoulit ____ _______ ______, Océan ______ ______, Hassan ____, Rabat ____ ______, pachalik de Rabat, Préfecture de Rabat _____ ______, Rabat-Salé-Kénitra _____-___-______ ______-___-________, 10115, Maroc ______ ______
Chatha Bakhtawar Road, Chak Shehzad, _____ __________ _____ ____, 45550, _________
Chatha Bakhtawar Road, Chak Shehzad, _____ __________ _____ ____, 45550, _________
Chatha Bakhtawar Road, Chak Shehzad, _____ __________ _____ ____, 45550, _________
Chatha Bakhtawar Road, Chak Shehzad, _____ __________ _____ ____, 45550, _________
Türkoca_ı Cad., Devlet Mahallesi, Ankara, Çankaya, Ankara, _ç Anadolu Bölgesi, 06560, Türkiye
Türkoca_ı Cad., Devlet Mahallesi, Ankara, Çankaya, Ankara, _ç Anadolu Bölgesi, 06560, Türkiye
Türkoca_ı Cad., Devlet Mahallesi, Ankara, Çankaya, Ankara, _ç Anadolu Bölgesi, 06560, Türkiye
Türkoca_ı Cad., Devlet Mahallesi, Ankara, Çankaya, Ankara, _ç Anadolu Bölgesi, 06560, Türkiye
Türkoca_ı Cad., Devlet Mahallesi, Ankara, Çankaya, Ankara, _ç Anadolu Bölgesi, 06560, Türkiye
Türkoca_ı Cad., Devlet Mahallesi, Ankara, Çankaya, Ankara, _ç Anadolu Bölgesi, 06560, Türkiye
____ ______ _________ - _____ _____, ____ ____, ___ ________, ______, ______ _______, 11551, ___
____ ______ _________ - _____ _____, ____ ____, ___ ________, ______, ______ _______, 11551, ___
____ ______ _________ - _____ _____, ____ ____, ___ ________, ______, ______ _______, 11551, ___
Aéroport International Houari Boumediene, Route de Aéroport International Houari Boumediene, Dar El Beïda, Alger - _______, 123, _______ _______
Aéroport International Houari Boumediene, Route de Aéroport International Houari Boumediene, Dar El Beïda, Alger - _______, 123, _______ _______
Aéroport International Houari Boumediene, Route de Aéroport International Houari Boumediene, Dar El Beïda, Alger - _______, 123, _______ _______
Pointe de Dakar, Dakar, 99900, Sénégal
Pointe de Dakar, Dakar, 99900, Sénégal
115, _________ _____, ______, 720052, __________
115, _________ _____, ______, 720052, __________
____, _____, _____ __ ___ _____, _____, _______ _____, _____ _____, 11148-35535, _______
____, _____, _____ __ ___ _____, _____, _______ _____, _____ _____, 11148-35535, _______
Lapraka, Tiranë, Bashkia Tiranë, Qarku i Tiranës, Shqipëria qendrore, 1001-1028, Shqipëria
Safdarjung, New Delhi, Delhi, 110 021, India
Safdarjung, New Delhi, Delhi, 110 021, India
Safdarjung, New Delhi, Delhi, 110 021, India
Safdarjung, New Delhi, Delhi, 110 021, India
Safdarjung, New Delhi, Delhi, 110 021, India
Safdarjung, New Delhi, Delhi, 110 021, India
Grand Hotel, Place de la Liberté, Oulofobougou, Dar Salam, Bamako, Bamako - Koulikoro, 277, Mali
Grand Hotel, Place de la Liberté, Oulofobougou, Dar Salam, Bamako, Bamako - Koulikoro, 277, Mali
Grand Hotel, Place de la Liberté, Oulofobougou, Dar Salam, Bamako, Bamako - Koulikoro, 277, Mali
Grand Hotel, Place de la Liberté, Oulofobougou, Dar Salam, Bamako, Bamako - Koulikoro, 277, Mali
Grand Hotel, Place de la Liberté, Oulofobougou, Dar Salam, Bamako, Bamako - Koulikoro, 277, Mali
Grand Hotel, Place de la Liberté, Oulofobougou, Dar Salam, Bamako, Bamako - Koulikoro, 277, Mali
Kates apartments, School Lane, Westlands, Nairobi, P.O. BOX 1835 00900, Kenya
Kates apartments, School Lane, Westlands, Nairobi, P.O. BOX 1835 00900, Kenya
Kates apartments, School Lane, Westlands, Nairobi, P.O. BOX 1835 00900, Kenya
Rione III Colonna, Via del Parlamento, Municipio Roma I, Roma, RM, LAZ, 00186, Italia
Rione III Colonna, Via del Parlamento, Municipio Roma I, Roma, RM, LAZ, 00186, Italia
Rione III Colonna, Via del Parlamento, Municipio Roma I, Roma, RM, LAZ, 00186, Italia
Rione III Colonna, Via del Parlamento, Municipio Roma I, Roma, RM, LAZ, 00186, Italia
Rione III Colonna, Via del Parlamento, Municipio Roma I, Roma, RM, LAZ, 00186, Italia
________ ____________ ___________, __________, __π____, _____, _____ ________, _._. _________ _____ ______, __________ _______, ______, 10443, ______
________ ____________ ___________, __________, __π____, _____, _____ ________, _._. _________ _____ ______, __________ _______, ______, 10443, ______
________ ____________ ___________, __________, __π____, _____, _____ ________, _._. _________ _____ ______, __________ _______, ______, 10443, ______
________ ____________ ___________, __________, __π____, _____, _____ ________, _._. _________ _____ ______, __________ _______, ______, 10443, ______
SCIA, Região Integrada de Desenvolvimento do Distrito Federal e Entorno, DF, Região Centro-Oeste, Brasil
SCIA, Região Integrada de Desenvolvimento do Distrito Federal e Entorno, DF, Região Centro-Oeste, Brasil
SCIA, Região Integrada de Desenvolvimento do Distrito Federal e Entorno, DF, Região Centro-Oeste, Brasil
Praia da Gambôa, Avenida de Cuba, Bela Vista, Chã d'Areia, Praia, 7600, Cabo Verde
Praia da Gambôa, Avenida de Cuba, Bela Vista, Chã d'Areia, Praia, 7600, Cabo Verde
Praia da Gambôa, Avenida de Cuba, Bela Vista, Chã d'Areia, Praia, 7600, Cabo Verde
34, Serquyosh ko'chasi, _________, Chilonzor Tumani, Toshkent, 100000, O_zbekiston
34, Serquyosh ko'chasi, _________, Chilonzor Tumani, Toshkent, 100000, O_zbekiston
34, Serquyosh ko'chasi, _________, Chilonzor Tumani, Toshkent, 100000, O_zbekiston
Alexandrina Drive, Yarralumla, Canberra, Canberra Central, Australian Capital Territory, 2600, Australia
___, ___, ____, 169-0072, __
Guatemala Street, Belmopan, Cayo District, Cayo, BZ1000, Belize
Oilmills Road, Whittlesey, Fenland, Cambridgeshire, East of England, England, PE26 2TS, UK
Oilmills Road, Whittlesey, Fenland, Cambridgeshire, East of England, England, PE26 2TS, UK
Oilmills Road, Whittlesey, Fenland, Cambridgeshire, East of England, England, PE26 2TS, UK
____________ ____, ______ ____, ____, _____ ________ ______, _______, 0172, __________
____________ ____, ______ ____, ____, _____ ________ ______, _______, 0172, __________
Uhindini, Dodoma, Central, 000255, Tanzania
Uhindini, Dodoma, Central, 000255, Tanzania
_____ ___, ________, _____________________ _, ___________, ______________, 12308, ______________________
Lapraka, Tiranë, Bashkia Tiranë, Qarku i Tiranës, Shqipëria qendrore, 1001-1028, Shqipëria
17, Zaras_ g., Senamies_io seni_nija, Vilnius, Vilniaus miesto savivaldyb_, Vilniaus apskritis, 01205, Lietuva
17, Zaras_ g., Senamies_io seni_nija, Vilnius, Vilniaus miesto savivaldyb_, Vilniaus apskritis, 01205, Lietuva